,ImageId,No. Mask,Otsu,"BW:1, Colour:0","class: colour=0, BW=1, BW/light=2",Dimension,score
0,212b858a66f0d23768b8e3e1357704fc2f4cf4bbe7eed8cd59b5d01031d553e6,100,0.13386182598039215,1,1,"(520, 696, 3)",0.6842601268335063
1,c169a7782a69ea2f38f64d2739de189e88adbcfd4a829721def8c89ecabe8b71,22,0.05111825980392157,1,1,"(360, 360, 3)",0.8015795206971678
2,3a508d2dc03db46e7f97a2a30eabb62ab2886f3cedfea303de8f6a42e50d20eb,21,0.1355545343137255,1,1,"(256, 256, 3)",0.7916666666666667
3,f29fd9c52e04403cd2c7d43b6fe2479292e53b2f61969d25256d2d2aca7c6a81,199,0.07049632352941179,1,1,"(603, 1272, 3)",0.03363413547237077
4,abd8dde78f8d37b68b28da67459371ed65f0a575523e94bc4ecbc88e6fedf0d0,14,0.4541207774203432,0,0,"(256, 320, 3)",0.3203192640692641
5,e4537e7893e631f3ba6ae5b1023e24b233c78249a31c2f5e561f6c4cad88fcf6,21,0.13823529411764707,1,1,"(256, 256, 3)",0.7607402597402597
6,573a657d5e5fcb9574a758b0ab34b09c79d7ba374ceb71227c3dc88f009a3f6b,27,0.10145526960784314,1,1,"(256, 256, 3)",0.41998428286579276
7,9facc652efe19f634639585d692a53dd6c2a8e2f0c9baebdfd85b9b41ec58851,23,0.05121017156862745,1,1,"(360, 360, 3)",0.7768477990107113
8,db45946a4412a2137674ec075b6892ccd682b77826aba618210569bbc65cf2b0,21,0.12941942401960785,1,1,"(256, 256, 3)",0.8353246753246755
9,bb61fc17daf8bdd4e16fdcf50137a8d7762bec486ede9249d92e511fcb693676,37,0.6043758907781862,0,0,"(256, 320, 3)",0.40157764406243823
10,f67e72b7fe0b1e3648ea745ffd395c80705c89b0c0c48227991fe6f5815b2a18,12,0.17534466911764707,1,1,"(256, 256, 3)",0.6945830639948288
11,1e488c42eb1a54a3e8412b1f12cde530f950f238d71078f2ede6a85a02168e1f,10,0.490494771752451,0,0,"(256, 320, 3)",0.4499631431519976
12,6fe2df6de1d962b90146c822bcefc84d0d3d6926fdfbacd3acdc9de830ee5622,206,0.0703125,1,1,"(520, 696, 3)",0.6919956695892661
13,76a372bfd3fad3ea30cb163b560e52607a8281f5b042484c3a0fc6d0aa5a7450,63,0.802734375,1,2,"(1024, 1024, 3)",0.27548366807177677
14,d1b173875e2261f55014bd27bd7174b9ae1c769338c1b31b5d737e9e60175993,9,0.2282781862745098,1,1,"(256, 256, 3)",0.74
15,56d0da5b663ddd49955478c00ca03118c367ff7dd6a646b8c875b0acb207d1c5,24,0.07085631127450981,1,1,"(360, 360, 3)",0.7197069597069596
16,33d0a9b24c25852ce35274b4b1777484ccd21f44dbe35491cc926e5948c1ce3e,14,0.14468443627450983,1,1,"(256, 256, 3)",0.755023923444976
17,7978812d0e2e034ee1f9c141f019705582fcaa290e4a01c6c75a62753285cb23,25,0.07048100490196078,1,1,"(360, 360, 3)",0.8538600288600289
18,f35ab34528e3e2d2589d24cbffc0e10024dfc474a68585d0b5feb7b05aa0067f,9,0.12069546568627451,1,1,"(256, 256, 3)",0.8666666666666666
19,3b3f516ebc9a16cff287a5ffd3a1861a345a6d38bedbba74f1c0b0e0eac62afd,40,0.10276501225490195,1,1,"(256, 256, 3)",0.3068440723766567
20,351771edfc5db5665ded8aa4940257276b6526663c76e3b60b92a52584d8943c,106,0.13185508578431374,1,1,"(520, 696, 3)",0.4952439796230531
21,358e47eaa1e9222252793fe0fb8c77028d4e0d4360b95a07c9fe6df6a2066556,52,0.10618872549019608,1,1,"(256, 256, 3)",0.46500515615118115
22,e5384c905e9879cb6e8ff5250fb03155bc1db035d8dde458eece9078b7de8ff1,28,0.07117800245098038,1,1,"(360, 360, 3)",0.6396701649175411
23,97158b2fe38783d88d4e44ba1b7bc6c84f225f8b35fcccc2f9265c65f14e7c8b,15,0.25608149509803924,1,1,"(256, 256, 3)",0.631578947368421
24,1b2bf5933b0fb82918d278983bee66e9532b53807c3638efd9af66d20a2bae88,11,0.20068933823529417,1,1,"(256, 256, 3)",0.686484593837535
25,8d9b4205ddb10fa49a2973b4f3a2dc6923407ae015081e1a52c4b4c2fe8faa53,33,0.1329733455882353,1,1,"(256, 256, 3)",0.859583937525114
26,0bf33d3db4282d918ec3da7112d0bf0427d4eafe74b3ee0bb419770eefe8d7d6,29,0.543822902879902,0,0,"(256, 320, 3)",0.5672367558134365
27,04acab7636c4cf61d288a5962f15fa456b7bde31a021e5deedfbf51288e4001e,82,0.13334099264705884,1,1,"(256, 256, 3)",0.5406907519816346
28,df33b11184427e05c8a450f921586685975fe975f57315e686a0f26fddb93db1,47,0.2249923406862745,1,1,"(256, 256, 3)",0.5108746005718773
29,0a7d30b252359a10fd298b638b90cb9ada3acced4e0c0e5a3692013f432ee4e9,27,0.09450061274509802,1,1,"(256, 256, 3)",0.5270062538175356
30,b2c5d8653c621207e97b699e5c4c05d13df4f02d9db3e594b1f0c22e5b746aae,24,0.09728860294117647,1,1,"(256, 256, 3)",0.700035263744646
31,2dd9d8c797fc695665326fc8fd0eb5cd292139fa478ccb5acb7fb352f7030063,16,0.2362515318627451,1,1,"(256, 256, 3)",0.6013731297941824
32,6b61ab2e3ff0e2c7a55fd71e290b51e142555cf82bc7574fc27326735e8acbd1,158,0.17151501225490196,1,1,"(520, 696, 3)",0.6048708412587173
33,a1f50f101bc471e2d6967ebdb8ba81150588609e769f3b960f0801e4da5fdc6f,7,0.07018229166666667,1,1,"(256, 256, 3)",0.8226923076923077
34,fc22db33a2495f58f118bc182c0087e140df14ccb8dad51373e1a54381f683de,89,0.12076439950980393,1,1,"(520, 696, 3)",0.6455690244366247
35,a90401357d50e1376354ae6e5f56a2e4dff3fdb5a4e8d50316673b2b8f1f293b,20,0.4603720848651961,0,0,"(256, 320, 3)",0.2729683006204745
36,f487cc82271cf84b4414552aa8b0a9d82d902451ebe8e8bc639d4121c1672ff7,47,0.09883578431372549,1,1,"(256, 256, 3)",0.5288566003694251
37,10ba6cbee4873b32d5626a118a339832ba2b15d8643f66dddcd7cb2ec80fbc28,67,0.08195465686274508,1,1,"(520, 696, 3)",0.8161099050958782
38,a246bcaa64af48ee5ca181cd594c0fc43466e7614406eb8bc01199a16ebc95d0,44,0.07455575980392157,1,1,"(256, 256, 3)",0.5830381582729103
39,33a5b0ff232b425796ee6a9dd5b516ff9aad54ca723b4ec490bf5cd9b2e2a731,23,0.43990177619485304,0,0,"(256, 320, 3)",0.33104660641502753
40,e52960d31f8bddf85400259beb4521383f5ceface1080be3429f2f926cc9b5c2,130,0.06266084558823529,1,1,"(520, 696, 3)",0.7697753731411132
41,e23e11414ee645b51081fb202d38b793f0c8ef2940f8228ded384899d21b02c2,199,0.13090533088235295,1,1,"(520, 696, 3)",0.5976364241802591
42,e856511ac1c34d24320eb7c56c05a4a3340d06667b4f5b8e8df615d415c7f650,27,0.3525965073529412,1,1,"(256, 256, 3)",0.46971214351879287
43,420f43d21dbaba42bf8c0995b3a2c85537876d594433770c6c6f3d6b779ec15f,49,0.6209087944240197,0,0,"(256, 320, 3)",0.4796405310491122
44,c3bec1066aae20f48b82975e7e8b684cd67635a8baf211e4d9e3e13bc54c5d06,76,0.11438419117647061,1,1,"(256, 256, 3)",0.40826526340789815
45,58cc121d37fb7f1b4a5252024d88415936781e540252b8f734faeedd29b682d5,49,0.11326593137254903,1,1,"(256, 256, 3)",0.26310568741603224
46,0287e7ee5b007c91ae2bd7628d09735e70496bc6127ecb7f3dd043e04ce37426,62,0.1183517156862745,1,1,"(256, 256, 3)",0.4630333439594052
47,6eefe1f0d9c2d2c2380db3ecd2113a566ace7dfc917687bb5033b4af5b8293aa,33,0.14554227941176473,1,1,"(256, 256, 3)",0.7653257853257853
48,a891bbc89143bca7a717386144eb061ec2d599cba24681389bcb3a2fedb8ff8c,155,0.09924938725490196,1,1,"(520, 696, 3)",0.6809503361056387
49,8f6e49e474ebb649a1e99662243d51a46cc9ba0c9c8f1efe2e2b662a81b48de1,74,0.12555147058823532,1,1,"(256, 256, 3)",0.5177428627852855
50,8e8a7a14749d0b2e48de3d10e2e80063f17b165ad921c8afc0623f08500f3259,16,0.10927542892156863,1,1,"(256, 256, 3)",0.5982144293614883
51,1db1cddf28e305c9478519cfac144eee2242183fe59061f1f15487e925e8f5b5,9,0.20896905637254903,1,1,"(256, 256, 3)",0.525897435897436
52,6bd18a218d25247dc456aed124c066a6397fb93086e860e4d04014bfa9c9555d,46,0.14044117647058824,1,1,"(256, 256, 3)",0.7112178387650084
53,20468e8779c43e089dc0ff30f25e6cf3872d5aa6a0fdad6f8aca382da43e8582,20,0.31603860294117647,1,1,"(256, 256, 3)",0.6323572567783095
54,ef6634efb46567d87b811be786b18c4cd0e2cda23d79b65d6afe0d259ef3ade6,32,0.09496783088235294,1,1,"(256, 256, 3)",0.3341224096101145
55,15039b3acccc4257a1a442646a89b6e596b5eb4531637e6d8fa1c43203722c99,33,0.5930140073529412,0,0,"(256, 320, 3)",0.25233469866957964
56,ce88df7356d9d4a8d5944a93768f4c4b593de2d35616f7448c2b37b9fd60dd1f,58,0.19482230392156863,1,1,"(256, 256, 3)",0.7015500470231271
57,c043d5ac9dd466052e53491d0d513b0684f493d320b820f6dc2e05330ce58ec3,13,0.10966605392156864,1,1,"(256, 256, 3)",0.7556989404457435
58,f4faa3a409014db1865074c5f66a0255f71ae3faba03265da0b3b91f68e8a8f0,14,0.15968903186274513,1,1,"(520, 696, 3)",0.9157142857142858
59,b6c9b58de0388891221b8f7a83cbf0b8f8379b51b5c9a127bf43a4fc49f1cc48,18,0.062905943627451,1,1,"(360, 360, 3)",0.7666666666666667
60,8d05fb18ee0cda107d56735cafa6197a31884e0a5092dc6d41760fb92ae23ab4,94,0.7555300245098038,1,2,"(1024, 1024, 3)",0.25705432108641113
61,ac8169a0debed11560f3f0e246c05ea82d03c66346f1576cc8268554cb3f549f,23,0.05502450980392158,1,1,"(360, 360, 3)",0.6254332519332519
62,19f0653c33982a416feed56e5d1ce6849fd83314fd19dfa1c5b23c6b66e9868a,70,0.3225566789215686,1,1,"(260, 347, 3)",0.40305296908763977
63,2ab91a4408860ae8339689ed9f87aa9359de1bdd4ca5c2eab7fff7724dbd6707,55,0.3525965073529412,1,1,"(256, 256, 3)",0.5056902971196682
64,eeb142344e9de3250ab748f93940bf06be70d5078337680998468a134a101698,50,0.31131280637254904,1,1,"(256, 256, 3)",0.43100137663211024
65,1609b1b8480ee52652a644403b3f7d5511410a016750aa3b9a4c8ddb3e893e8e,19,0.05473345588235295,1,1,"(360, 360, 3)",0.853548463919981
66,3b75fc03a1d12b29bd2870eb1f6fdb44174dbd1118dfc11c31f127bd87bd27ef,8,0.10579044117647059,1,1,"(256, 256, 3)",0.8933333333333333
67,bff985591dd5d6303018a6e9a3dcfb336771a414ad4605c24ce1c1155fc86a96,17,0.3477634803921569,1,1,"(256, 256, 3)",0.4662745098039215
68,7c0157913223365720209ac83ff2e0b1b2b460173acd615c67646014093a2b97,25,0.04338235294117647,1,1,"(360, 360, 3)",0.5638211951447245
69,573e1480b500c395f8d3f1800e1998bf553af0d3d43039333d33cf37d08f64e5,12,0.11392463235294119,1,1,"(256, 256, 3)",0.7229437229437229
70,9774c82396327929fea05e40ae153cabf0107178b2ae3e40a5709b409793887e,14,0.2587699142156863,1,1,"(256, 256, 3)",0.4208004693105313
71,a3a1b8f9794ef589b71faa9f35fd97ad6761c4488718fbcf766e95e31afa8606,16,0.10140165441176474,1,1,"(256, 256, 3)",0.5695477999812366
72,e414b54f2036bcab61b9c0a966f65adf4b169097c13c740e03d6292ac076258c,63,0.581195513939951,0,0,"(256, 320, 3)",0.5326961984693954
73,853a4c67900c411abd04467f7bc7813d3c58a5f565c8b0807e13c6e6dea21344,18,0.44851604243259807,0,0,"(256, 320, 3)",0.5983121722905004
74,2c840a94d216f5ef4e499b53ae885e9b022cbf639e004ec788436093837823b2,20,0.06256127450980392,1,1,"(360, 360, 3)",0.8845588235294117
75,4d40de30a3db3bc4f241cb7f48e8497c11e8f20a99bf55788bdce17242029745,28,0.27674632352941175,1,1,"(256, 256, 3)",0.42203111200393806
76,68f833de9f8c631cedd7031b8ed9b908c42cbbc1e14254722728a8b7d596fd4c,32,0.16530330882352942,1,1,"(256, 256, 3)",0.44714864430888773
77,d32ea6d318626ca14a967d0c1ad3218aebfe636624a8d1173f5150dde8ff38cf,10,0.10971200980392158,1,1,"(256, 256, 3)",0.9538461538461538
78,150b0ffa318c87b31d78af0e87d60390dbcd84b5f228a8c1fb3225cbe5df3e3f,198,0.15160079656862746,1,1,"(520, 696, 3)",0.5402074800435802
79,3bfd6bb152310f93daa6f4e1867c10572946e874b3a30c9ba8e0fcdeb590300b,32,0.09105392156862745,1,1,"(256, 256, 3)",0.5608030492898914
80,1a75e9f15481d11084fe66bc2a5afac6dc5bec20ed56a7351a6d65ef0fe8762b,8,0.171530330882353,1,1,"(256, 256, 3)",0.3575
81,29ea4f6eb4545f43868a9b40a60000426bf8dfd9d062546656a37bd2a2aaf9ec,13,0.05467218137254902,1,1,"(512, 640, 3)",0.6498901098901099
82,648636ee314d7bdba3ab2fc0fe49a863de35c3e2caf619039f678df67b526868,86,0.35897671568627454,1,1,"(256, 256, 3)",0.4985122981244712
83,60cb718759bff13f81c4055a7679e81326f78b6a193a2d856546097c949b20ff,27,0.10533854166666667,1,1,"(256, 256, 3)",0.8341030112481596
84,295ac4ecf2ee0211c065cf5dbb93b1eb8e61347153447209cd110e9c3e355e81,18,0.04728094362745097,1,1,"(360, 360, 3)",0.9294117647058824
85,4bf6a5ec42032bb8dbbb10d25fdc5211b2fe1ce44b6e577ef89dbda17697d819,22,0.3563495710784314,1,1,"(256, 256, 3)",0.5181424148606811
86,2bf594e9d06f78b4b79d7ffb395497a0a91126b6b0d710d7a9cee21f5c3bd177,23,0.12398131127450979,1,1,"(256, 256, 3)",0.15645933014354066
87,aa58ba4512955771b4f9b459cb4e6a8adb71d11cd6cae662ec2df31d688a5fe0,53,0.5647412048100491,0,0,"(256, 320, 3)",0.40709879646650016
88,9c95eae11da041189e84cda20bdfb75716a6594684de4b6ce12a9aaadbb874c9,20,0.25197610294117645,1,1,"(256, 256, 3)",0.24885194681853048
89,3874755f6222e83006fdad4d664ec0d9697c13af4fbe24b2f9a059bb13075186,15,0.2029871323529412,1,1,"(256, 256, 3)",0.48607843137254897
90,fa751ff3a6332c95cb5cb1d28563553914295e9e7d35c4b6bd267241e8a0787c,43,0.1181295955882353,1,1,"(256, 256, 3)",0.7342721607660632
91,2dd3356f2dcf470aec4003800744dfec6490e75d88011e1d835f4f3d60f88e7a,117,0.44624849494485297,0,0,"(256, 320, 3)",0.21916486580847785
92,b3a9f4c9035a0df7e033b18c63bfb0f0d87ff5a4d9aa8bdf417159bb733abb80,6,0.08992034313725492,1,1,"(256, 256, 3)",0.8014285714285714
93,adc315bd40d699fd4e4effbcce81cd7162851007f485d754ad3b0472f73a86df,5,0.05891544117647061,1,1,"(360, 360, 3)",0.320412087912088
94,0b0d577159f0d6c266f360f7b8dfde46e16fa665138bf577ec3c6f9c70c0cd1e,7,0.09064797794117646,1,1,"(520, 696, 3)",0.36764069264069266
95,1815cf307859b3e13669041d181aa3b3dbbac1a95aef4c42164b223110c09168,9,0.1358762254901961,1,1,"(256, 256, 3)",0.8145979020979022
96,14cc1424c59808274e123db51292e9dbb5b037ef3e7c767a8c45c9ac733b91bf,21,0.04708180147058824,1,1,"(360, 360, 3)",0.8802177858439201
97,c15c652c08153fb781a5349123ab8f80bb2a8680a41eb8e89e547ae01b7a5441,4,0.17221966911764705,1,1,"(520, 696, 3)",0.9333333333333333
98,f6863b83d75e5927b30e2e326405b588293283c25aaef2251b30c343296b9cb1,92,0.10969669117647057,1,1,"(256, 256, 3)",0.4175802013887684
99,cdab367b30db47061df837c1ae9fa875d6057614f797332d37d3513517d6c694,22,0.06510416666666666,1,1,"(360, 360, 3)",0.8657442519341835
100,136000dc18fa6def2d6c98d4d0b2084d13c22eaffe82e26c665bcaa2a9e51261,34,0.5125033800551471,0,0,"(256, 320, 3)",0.3642015530542423
101,777f7c4269279951ae05b56e806745e613297d411d048c0bce8964afd7d71a4b,44,0.07493872549019608,1,1,"(360, 360, 3)",0.4321892237217314
102,a31deaf0ac279d5f34fb2eca80cc2abce6ef30bd64e7aca40efe4b2ba8e9ad3d,87,0.46002530101102945,0,0,"(256, 320, 3)",0.3568649594643538
103,0ddd8deaf1696db68b00c600601c6a74a0502caaf274222c8367bdc31458ae7e,32,0.10625,1,1,"(256, 256, 3)",0.6134671292278354
104,5d21acedb3015c1208b31778561f8b1079cca7487399300390c3947f691e3974,37,0.09027267156862745,1,1,"(512, 640, 3)",0.5573809523809523
105,5b2ccfb94dedf2ec8797c0404fc324888e35ab903c41bb26f070552033ca8e6c,36,0.11750153186274512,1,1,"(256, 256, 3)",0.5231811464702344
106,3bf7873f11823f4b64422f49c8248dd95c0d01f9ae9075ae3d233bbb21a3d875,66,0.24000459558823528,1,1,"(256, 256, 3)",0.5183821680728741
107,79fe419488ba98494e3baa35c6fef9662eda1efe325d0ab0ac002f5383245d96,74,0.5744749272365197,0,0,"(256, 320, 3)",0.4800548903033478
108,4185b9369fc8bdcc7e7c68f2129b9a7442237cd0f836a4b6d13ef64bf0ef572a,48,0.14786305147058826,1,1,"(256, 256, 3)",0.7426999810900641
109,76faaed50ed6ea6814ac36199964b86fb09ba7f41a6f213bceaa80d625adc2e1,111,0.05924479166666668,1,1,"(520, 696, 3)",0.8280604640741984
110,b4de1e3eec159d8af1bd5447696f8996c31709edaf33e26ba9613816705847db,25,0.054633884803921576,1,1,"(360, 360, 3)",0.7630852994555354
111,a22b7882fa85b9f0fcef659a7b82bfcddf01710f9a7617a9e036e84ac6901841,31,0.09438572303921569,1,1,"(256, 256, 3)",0.46668803879548665
112,57b49733c5a3c268b013553635a826e6a1b10e699bbd19c3b842375fe0adf344,18,0.05121017156862745,1,1,"(360, 360, 3)",0.7470531674208145
113,58c593bcb98386e7fd42a1d34e291db93477624b164e83ab2afa3caa90d1d921,2,0.2099800857843137,1,1,"(256, 256, 3)",0.12000000000000002
114,6bc8cda54f5b66a2a27d962ac219f8075bf7cc43b87ba0c9e776404370429e80,18,0.046928615196078424,1,1,"(360, 360, 3)",0.6360370235050542
115,a7f6194ddbeaefb1da571226a97785d09ccafc5893ce3c77078d2040bccfcb77,83,0.45588519224877455,0,0,"(256, 320, 3)",0.3922828081868842
116,5419302571113e9aa74c7c0a9575333ca539b871a16c86ee92b35170b4ddc52e,8,0.09051011029411765,1,1,"(256, 256, 3)",0.5985714285714285
117,da31f2aa8601afec5c45180a2c448cb9c4a8ec7b35e75190d6ba3588f69058c8,62,0.23494944852941177,1,1,"(520, 696, 3)",0.6380166104325748
118,c620631271a56407d6d69fa1a69451ca99c50dcc30e29db04cf6fb7cacbde8cb,11,0.2432138480392157,1,1,"(256, 256, 3)",0.5802197802197803
119,be26966900aa0e5b41d5a8ecafe04281b37deb05c5cd027968d7b74143398174,33,0.32734375,1,1,"(256, 256, 3)",0.563369534144902
120,4e07a653352b30bb95b60ebc6c57afbc7215716224af731c51ff8d430788cd40,136,0.771484375,1,2,"(1024, 1024, 3)",0.19438954791093024
121,94519eb45cbe1573252623b7ea06a8b43c19c930f5c9b685edb639d0db719ab0,61,0.5917607153799019,0,0,"(256, 320, 3)",0.5432027113889722
122,fa73f24532b3667718ede7ac5c2e24ad7d3cae17b0a42ed17bbb81b15c28f4ae,7,0.37886795343137253,1,1,"(256, 256, 3)",0.3466666666666667
123,305a8baaf726d7c9e695bff31d3a6a61445999a4732f0a3e6174dc9dcbe43931,12,0.12876838235294116,1,1,"(256, 256, 3)",0.7716550116550116
124,866a8cba7bfe1ea73e383d6cf492e53752579140c8b833bb56839a55bf79d855,5,0.09022671568627452,1,1,"(520, 696, 3)",0.8333333333333333
125,0e21d7b3eea8cdbbed60d51d72f4f8c1974c5d76a8a3893a7d5835c85284132e,29,0.528941400122549,0,0,"(256, 320, 3)",0.5097392899812254
126,1ec74a26e772966df764e063f1391109a60d803cff9d15680093641ed691bf72,26,0.6093837086397058,0,0,"(256, 320, 3)",0.4410689028471707
127,bde3727f3a9e8b2b58f383ebc762b2157eb50cdbff23e69b025418b43967556b,106,0.059015012254901966,1,1,"(520, 696, 3)",0.7683156289275179
128,28d33efef218392e79e385906deb88055d94b65ad217de78c07e85476f80f45a,39,0.055369178921568646,1,1,"(360, 360, 3)",0.7012965195723816
129,831218e6a1a54b23d4be56c5799854e7eb978811b89215319dc138900bd563e6,20,0.050796568627450994,1,1,"(360, 360, 3)",0.7747453310696095
130,8de0b1a2e8f614af29fe5fafeaa5bdf55e6b3e65edf36355f19b707f7649ce2b,11,0.19325214460784318,1,1,"(256, 256, 3)",0.8284415584415585
131,cbff60361ded0570e5d50429a1aa51d81471819bc9b38359f03cfef76de0038c,76,0.5027481617647059,0,0,"(256, 320, 3)",0.39537679983345264
132,a6593632dcbbe4c9e9429a9cec573d26fd8c91a47d554d315f25e7c2e0280ee3,10,0.19901194852941181,1,1,"(256, 256, 3)",0.807594160225739
133,c75139ef0546d2240b37afb3219eb74a06b7977818697d5c3138796472483af3,89,0.27753523284313725,1,1,"(256, 256, 3)",0.5476344939100269
134,f43169e3d8b4f71e687945b9e72cbfdfe2e40e68842568e6a30c60d64c1378b6,18,0.12503829656862744,1,1,"(256, 256, 3)",0.8118840579710145
135,b8fdc02d915206bb2564e1f7da962f2b9d9d491b11afa00a76622b7932366480,21,0.10969669117647057,1,1,"(256, 256, 3)",0.5792950597789307
136,608ff81c8a0c8b622f6648a9c7f935d85f0c503f515ef2ac3728387be1953ee8,15,0.18037683823529413,1,1,"(256, 256, 3)",0.7755952380952381
137,7aae06bc4558829473071defec0b7ab3bfa9c5005548a13da95596bb6a66d105,75,0.17719822303921567,1,1,"(256, 256, 3)",0.7421383300018447
138,af8621ef0db8c26b0bce6385bd5609b584bfd678fcf7a234b8a15e6bb05c15ac,22,0.12761948529411765,1,1,"(256, 256, 3)",0.8893892339544515
139,97126a9791f0c1176e4563ad679a301dac27c59011f579e808bbd6e9f4cd1034,20,0.04702052696078432,1,1,"(360, 360, 3)",0.8426928953399541
140,b24ea5c268469a95ed155eeaf809e36030b78a2eb530a0cb2380cdc1ccdb7dd1,50,0.23069852941176466,1,1,"(520, 696, 3)",0.6700846136370153
141,20b20ab049372d184c705acebe7af026d3580f5fd5a72ed796e3622e1685af2f,289,0.05980392156862745,1,1,"(603, 1272, 3)",0.0013888888888888887
142,670ebd9d674be236b9bf0b28650ad3f68e1891b06e16a9021fd069ca7ef32b78,20,0.05081188725490197,1,1,"(360, 360, 3)",0.8950764006791173
143,619429303c1af7540916509fe7900cf483eba4391b06aac87ff7f66ca1ab6483,24,0.09710477941176471,1,1,"(256, 256, 3)",0.47595240009033113
144,f7e5dcfc9c93183c668c5a4ab028d5faad54fb54298711f2caae0508aa978300,26,0.457559095435049,0,0,"(256, 320, 3)",0.5299936284253569
145,5ef4442e5b8b0b4cf824b61be4050dfd793d846e0a6800afa4425a2f66e91456,54,0.5141088564644608,0,0,"(256, 320, 3)",0.40142292130071944
146,07fb37aafa6626608af90c1e18f6a743f29b6b233d2e427dcd1102df6a916cf5,313,0.2360217524509804,1,1,"(520, 696, 3)",0.4147444525855758
147,1c681dfa5cf7e413305d2e90ee47553a46e29cce4f6ed034c8297e511714f867,66,0.2991727941176471,1,1,"(256, 256, 3)",0.4041226330289983
148,e50ac10d1dce6496d092d966784ed3795969128ca0bc58199a36d558ed529203,67,0.11438419117647061,1,1,"(256, 256, 3)",0.4460030755904329
149,fc9269fb2e651cd4a32b65ae164f79b0a2ea823e0a83508c85d7985a6bed43cf,5,0.08972886029411764,1,1,"(256, 256, 3)",0.6168650793650794
150,ee927e8255096971ddae1bd975cf80c4ad7c847c82d0b5f5dd2ddfe5407007ee,65,0.2587699142156863,1,1,"(256, 256, 3)",0.5575470018534496
151,79dfcbc9361edd3a1ffe81a5bdaa22a197ad1341f3fa64b86a646c2607d6b324,12,0.1871936274509804,1,1,"(520, 696, 3)",0.9446153846153846
152,220b37f4ca7cab486d2b71cd87a46ee7411a5aa142799d96ed98015ab5ba538a,1,0.08569240196078433,1,1,"(256, 320, 3)",0.08333333333333333
153,942d56861fc83e195e9c559a000bb86627d8682f8dcc2300818458e5b6850dd0,51,0.0903109681372549,1,1,"(256, 256, 3)",0.3905784229770258
154,a65bbfc5673e8053b6ce49f39c79cf3a846fe5cc46dd93105f74fb07cf44606d,134,0.09924938725490196,1,1,"(520, 696, 3)",0.7437481133718344
155,2227fd9b01d67c2bcdb407d3205214e6dfeff9fd0725828e3b3651959942ff4a,60,0.31786151960784315,1,1,"(256, 256, 3)",0.4391961884154479
156,1b44d22643830cd4f23c9deadb0bd499fb392fb2cd9526d81547d93077d983df,96,0.7420496323529412,1,2,"(1024, 1024, 3)",0.2861378496547927
157,fc345dac2205deb169bd70197f07f053bada80b61ffa69fdfb490758323ead69,10,0.12091758578431373,1,1,"(256, 256, 3)",0.7939839572192514
158,ddf1bf458312de2895dd9cc5ce7ec9d334ad54c35edc96ad6001d20b1d8588d8,30,0.15776654411764707,1,1,"(256, 256, 3)",0.4395397294556679
159,c304a1fdf3bca2f4b4580d2cac59942e2224a7678001bf5ed9d9852f57708932,253,0.23012408088235292,1,1,"(520, 696, 3)",0.5163022606411247
160,d1ba6089cae2f90cb7275ece10ca393c25f60ea17e5c9c3cea2399d31fd41869,22,0.29630055147058826,1,1,"(256, 256, 3)",0.35371223313033656
161,23830d0e51245fc0c9e410efa4c17d2a7d83a0104a3777130119ab892de47a4e,40,0.10513174019607846,1,1,"(256, 256, 3)",0.5161074523393208
162,449fe932622db3b49366a260ddd20077219f96fb2dc0f912ad4f60b087876f3b,44,0.09073988970588234,1,1,"(256, 256, 3)",0.45541471183892657
163,cf26c41245febfe67c2a1682cc4ee8752ee40ae3e49610314f45923b8bf5b08a,40,0.12576593137254902,1,1,"(256, 256, 3)",0.6215814376423675
164,b1e3aeb0c56261c17eb71c747d116057b8da7e8c8a6845bdc01b2b3ee2299229,22,0.09836090686274512,1,1,"(256, 256, 3)",0.6284728652989522
165,a6515d73077866808ad4cb837ecdac33612527b8a1041e82135e40fce2bb9380,15,0.23456648284313725,1,1,"(256, 320, 3)",0.3070762862616311
166,4ff152d76db095f75c664dd48e41e8c9953fd0e784535883916383165e28a08e,6,0.11350337009803924,1,1,"(256, 256, 3)",0.8158730158730159
167,6bd330234b763b77796d4804de8e224881c0fc8dd02650fa708b2edfd8c7461f,25,0.05471813725490196,1,1,"(360, 360, 3)",0.5404202279202279
168,538b7673d507014d83af238876e03617396b70fe27f525f8205a4a96900fbb8e,196,0.062890625,1,1,"(603, 1272, 3)",0.053593073593073595
169,fc5452f612a0f972fe55cc677055ede662af6723b5c1615ad539b8a4bd279bdb,32,0.09854473039215686,1,1,"(256, 256, 3)",0.4157261144927179
170,d1dbc6ee7c44a7027e935d040e496793186b884a1028d0e26284a206c6f5aff0,17,0.1581265318627451,1,1,"(256, 256, 3)",0.3918109876057446
171,1740b0a67ca337ea31648b57c81bcfbb841c7bb5cad185199a9f4da596d531b9,9,0.11299785539215687,1,1,"(256, 256, 3)",0.8324999999999999
172,0acd2c223d300ea55d0546797713851e818e5c697d073b7f4091b96ce0f3d2fe,9,0.15636488970588233,1,1,"(256, 256, 3)",0.6086940836940836
173,66612c188d73e931e1863af2c99d2af782c32f65fd97d224abb40bbadb87263f,15,0.19825367647058825,1,1,"(256, 256, 3)",0.7396549994266712
174,5d58600efa0c2667ec85595bf456a54e2bd6e6e9a5c0dff42d807bc9fe2b822e,83,0.751953125,1,2,"(1024, 1024, 3)",0.33818846546271886
175,d52958107d0b1f0288f50f346a833df3df485b92d5516cfcb536e73ab7adafd0,126,0.05943627450980392,1,1,"(520, 696, 3)",0.845790115785437
176,37ed50eea5a1e0bade3e6753793b6caeb061cd4c2f365658c257f69cab1f6288,38,0.11276807598039217,1,1,"(256, 256, 3)",0.37998925815893025
177,2abc40c118bc7303592c8bb95a80361e27560854b8971ab34dcf91966575b1f2,18,0.111328125,1,1,"(520, 696, 3)",0.6964984530907452
178,9ebcfaf2322932d464f15b5662cae4d669b2d785b8299556d73fffcae8365d32,58,0.15263480392156864,1,1,"(256, 320, 3)",0.2388520320408865
179,aa83f5b4fca02ae43a6b9456ab42707b0beabc6e7c5c4e66c0d2572fb80f3615,8,0.10626531862745098,1,1,"(256, 256, 3)",0.6963510101010101
180,7af09f98ec299ba0658d759eebc4c34e1c98289ea6ce37f233e9f5e4e2fc84f4,12,0.10152420343137254,1,1,"(256, 256, 3)",0.8208058608058607
181,df5cdd0ebe1bdf8dc870bc294b8f08961e083bc7f9be69e268454aa9091808b9,22,0.1365119485294118,1,1,"(512, 640, 3)",0.5337705000313696
182,e4fc936ba57a936aaa5941ccc70946ab18fcebcb6e8d85a097c584aff9ca4d88,29,0.11054687500000002,1,1,"(256, 256, 3)",0.8160185827389912
183,ff3407842ada5bc18be79ae453e5bdaa1b68afc842fc22fa618ac6e6599d0bb3,19,0.16027113970588241,1,1,"(520, 696, 3)",0.9154285714285713
184,aa4d989d262c618ac2793579e200cc71b3767f84698ae5f669867f23cdfe2568,8,0.09474571078431374,1,1,"(256, 256, 3)",0.7916666666666667
185,40946065f7e4b6038599fbfd419f2a67e7635b6f89db3ed6c0d67c8801521af1,15,0.4795641513480392,0,0,"(256, 320, 3)",0.42933436532507746
186,309ba76b12ecb5ce28b99f3445b2b5dc54c0564c3c0e24c17e4c89a94a5d0535,9,0.07442555147058824,1,1,"(256, 256, 3)",0.6526120937885644
187,4d14a3629b6af6de86d850be236b833a7bfcbf6d8665fd73c6dc339e06c14607,98,0.4411963771446078,0,0,"(256, 320, 3)",0.2608289120895583
188,08151b19806eebd58e5acec7e138dbfbb1761f41a1ab9620466584ecc7d5fada,25,0.07064950980392157,1,1,"(360, 360, 3)",0.6139636225843123
189,a0de55384fada5cbc46bd7a41f6feeef93b67d088497c7316079ccec39c2a834,68,0.24820772058823531,1,1,"(256, 256, 3)",0.3642521738209149
190,13c8ff1f49886e91c98ce795c93648ad8634c782ff57eb928ce29496b0425057,17,0.08209252450980392,1,1,"(256, 256, 3)",0.4138433039119537
191,88678981648b184b23b6c04999f29210cbe351f85b61d2bf99e306fd67a2998a,10,0.14088541666666665,1,1,"(256, 256, 3)",0.8345238095238094
192,24a20f2a529cede5695df2422a3986505b5826bb10b10781d6db2074cf3de7b3,34,0.5326612369791667,0,0,"(256, 320, 3)",0.3714790917143858
193,785555c0cbb49dad835635217085287a8cc61c27d26f0e106b70c1dfd05784dc,19,0.24067095588235296,1,1,"(256, 256, 3)",0.4305780524770294
194,3477024fd843e46097840360f9cdee24b76bf5c593ed27a9aee7a5728a06aa51,23,0.22006740196078436,1,1,"(520, 696, 3)",0.9055555555555556
195,b560dba92fbf2af785739efced50d5866c86dc4dada9be3832138bef4c3524d2,23,0.27753523284313725,1,1,"(256, 256, 3)",0.46733712534929567
196,2f929b067a59f88530b6bfa6f6889bc3a38adf88d594895973d1c8b2549fd93d,52,0.11470588235294119,1,1,"(256, 256, 3)",0.3338267664538851
197,b1f23c4d27afed8af7b6b64793a3760bfea31b65f582d48aaa62d2b988ef2eac,126,0.08648897058823532,1,1,"(520, 696, 3)",0.7280985199007439
198,29dd28df98ee51b4ab1a87f5509538ecc3e4697fc57c40c6165658f61b0d8e3a,56,0.09883578431372549,1,1,"(256, 256, 3)",0.6368920375641564
199,514ccfc78cb55988a238d3ac9dc83460aa88382c95d56bcc0559962d9fe481ef,21,0.04716605392156863,1,1,"(360, 360, 3)",0.8431372549019607
200,e66a97b2c77f3d66a7d3cebbc6a36c8c6259368a397f7b67647ed80ad53aa776,11,0.2099800857843137,1,1,"(256, 256, 3)",0.7362121212121212
201,92f31f591929a30e4309ab75185c96ff4314ce0a7ead2ed2c2171897ad1da0c7,10,0.5829104856004903,0,0,"(256, 320, 3)",0.4839316239316239
202,d4d88391bc399a3715440d4da9f8b7a973e010dc1edd9551df2e5a538685add5,24,0.05473345588235295,1,1,"(360, 360, 3)",0.6642495126705652
203,b4d902d42c93dea77b541456f8d905f35eeb24fc3a5b0b15b5678d78e0aabe0c,17,0.19264705882352942,1,1,"(256, 256, 3)",0.7535480054090602
204,f6cb37ebf29c225284c8415962f7287abe7007fae8fe3d8a3899b608b832d7d5,17,0.039238664215686274,1,1,"(360, 360, 3)",0.7336890968508616
205,84e642d75ae6ece8147272418b6fe13d04db8d076fe306c4acedc329fceab564,19,0.1318780637254902,1,1,"(256, 256, 3)",0.7370524862312522
206,44ab6a09eedee848b072ea3acd0f4e781f9c43b8d4e3d62598e1024584bf0b01,34,0.12606464460784314,1,1,"(256, 256, 3)",0.5313667986835899
207,c35e6e3ea39a718e1b7aff66e4cc678efd662f9b5336b74d69c1d6bca7aaf288,39,0.14269301470588236,1,1,"(256, 256, 3)",0.7855262825851062
208,93cfd412c7de5210bbd262ec3a602cfea65072e9272e9fce9b5339a5b9436eb7,6,0.26525735294117647,1,1,"(256, 256, 3)",0.5900000000000001
209,245b995878370ef4ea977568b2b67f93d4ecaa9308761b9d3e148e0803780183,54,0.10618872549019608,1,1,"(256, 256, 3)",0.2983865366268955
210,ba3997edd3fcb2f823ecdf870d2b607f08bff848f72a5cf72340bae5aca7c5ce,43,0.13334099264705884,1,1,"(256, 256, 3)",0.666023425054046
211,55ff2b0ec48b76e10c7ee18add5794005cd551697f96af865c763d50da78dd9c,20,0.11005667892156865,1,1,"(256, 256, 3)",0.3761821848246531
212,4217e25defac94ff465157d53f5a24b8a14045b763d8606ec4a97d71d99ee381,132,0.7378063725490196,1,2,"(1024, 1024, 3)",0.2646362972900983
213,aaa52100fafaa50877e777229cdf6cde7c422f145ff6719449b80631d9a3b0f6,141,0.061550245098039226,1,1,"(520, 696, 3)",0.7644421717631185
214,f9ea1a1159c33f39bbe5f18bb278d961188b40508277eab7c0b4b91219b37b5d,25,0.07094822303921569,1,1,"(360, 360, 3)",0.46204878506426494
215,ebc18868864ad075548cc1784f4f9a237bb98335f9645ee727dac8332a3e3716,19,0.49233458409926467,0,0,"(256, 320, 3)",0.23866873866873867
216,623cf6987b3fac8f384c09f40d98c5e739c097aa9a9627054542aa27f7d38db1,23,0.09702052696078434,1,1,"(256, 256, 3)",0.4814474803058011
217,e5a6c5e01e6a4ef676a2d975374e995dd55792ea317a8e110bebc37da83a4ce8,26,0.07104013480392157,1,1,"(520, 696, 3)",0.6026893201361286
218,61dc249314d7b965eb4561ec739eab9b0f60af55c97b25ced8cb2a42a0be128e,101,0.06328125,1,1,"(520, 696, 3)",0.7973101904368922
219,1b6044e4858a9b7cee9b0028d8e54fbc8fb72e6c4424ab5b9f3859bfc72b33c5,39,0.144561887254902,1,1,"(256, 256, 3)",0.7673570080576066
220,2dec81a678ddcac2b110acffe82427d857695180bd841e3f9736a554acf832af,25,0.24167432598039215,1,1,"(520, 696, 3)",0.9286153846153846
221,1f0008060150b5b93084ae2e4dabd160ab80a95ce8071a321b80ec4e33b58aca,27,0.05115655637254903,1,1,"(360, 360, 3)",0.6504415713546148
222,c2a646a819f59a4e816e0ee8ea00ba10d5de9ac20b5a435c41192637790dabee,64,0.2670496323529412,1,1,"(256, 256, 3)",0.6298243681217193
223,516a0e20327d6dfcedcf57e3056115e4fb29cdf4cb349003bdfc75c9b7f5c2cf,22,0.05888480392156863,1,1,"(360, 360, 3)",0.5162912938454735
224,a90cad45551d62c5cfa89517df8eb5e8f2f87f1a6e6678e606907afcbad91731,140,0.14463848039215685,1,1,"(520, 696, 3)",0.6670440276414347
225,fd8065bcb1afdbed19e028465d5d00cd2ecadc4558de05c6fa28bea3c817aa22,52,0.09367340686274511,1,1,"(256, 256, 3)",0.46994744372809
226,6af82abb29539000be4696884fc822d3cafcb2105906dc7582c92dccad8948c5,45,0.2369025735294118,1,1,"(256, 256, 3)",0.5495629555800805
227,797945873ca2a95f028671714b71eb3f883efe9dae7fcd3fc0ea1521efb73aaa,22,0.06677389705882351,1,1,"(360, 360, 3)",0.8082090490155005
228,ff599c7301daa1f783924ac8cbe3ce7b42878f15a39c2d19659189951f540f48,24,0.06265318627450982,1,1,"(360, 360, 3)",0.864850063447539
229,1c8b905c9519061d6d091e702b45274f4485c80dcf7fb1491e6b2723f5002180,136,0.079296875,1,1,"(520, 696, 3)",0.7873259184300657
230,cfabf7379c5591d40aa4a20c86b4197c6a25ab55887a9fca4f06c2dfc0f0e973,25,0.05888480392156863,1,1,"(360, 360, 3)",0.7081441674267761
231,45cc00f2ef95da6698bf590663e319d7c0ed4fb99d42dd3cf4060887da74fb81,16,0.05905330882352941,1,1,"(360, 360, 3)",0.717921998624011
232,4193474b2f1c72f735b13633b219d9cabdd43c21d9c2bb4dfc4809f104ba4c06,12,0.45474075291053917,0,0,"(256, 320, 3)",0.42474747474747476
233,0e5edb072788c7b1da8829b02a49ba25668b09f7201cf2b70b111fc3b853d14f,28,0.15743719362745098,1,1,"(256, 256, 3)",0.8277614456980418
234,12f89395ad5d21491ab9cec137e247652451d283064773507d7dc362243c5b8e,78,0.31038602941176474,1,1,"(256, 256, 3)",0.5474148116807963
235,3ab9cab6212fabd723a2c5a1949c2ded19980398b56e6080978e796f45cbbc90,23,0.33383118872549017,1,1,"(256, 256, 3)",0.5573060650363282
236,e49fc2b4f1f39d481a6525225ab3f688be5c87f56884456ad54c953315efae83,69,0.4598433363970589,0,0,"(256, 320, 3)",0.2636210242280459
237,317832f90f02c5e916b2ac0f3bcb8da9928d8e400b747b2c68e544e56adacf6b,41,0.15197610294117653,1,1,"(256, 256, 3)",0.753406604504923
238,2869fad54664677e81bacbf00c2256e89a7b90b69d9688c9342e2c736ff5421c,22,0.051256127450980384,1,1,"(360, 360, 3)",0.8003300038953688
239,615985773f1469fbc00915b3e82d1d4942051c09ddea2667e37ad361ed2e9d59,35,0.11753982843137259,1,1,"(256, 256, 3)",0.48593100556107405
240,602f267432e7a573e1092f1cf48135c82d0fbc8722bc028b9330ec801a40bb18,19,0.10251225490196078,1,1,"(520, 696, 3)",0.7094668489405331
241,1e61ecf354cb93a62a9561db87a53985fb54e001444f98112ed0fc623fad793e,6,0.2520220588235294,1,1,"(256, 256, 3)",0.6611111111111111
242,4948e3dfe0483c2198b9616612071ead5474dffd223071cf0a567aea9aca0b9e,22,0.05120251225490197,1,1,"(360, 360, 3)",0.6651515151515152
243,be771d6831e3f8f1af4696bc08a582f163735db5baf9906e4729acc6a05e1187,18,0.48124807368259803,0,0,"(256, 320, 3)",0.64612998843262
244,9586e48a9a4353f11898a6a4b7475a91574e8af82e99c4b7a5e1f1b18f345f7a,99,0.21052389705882354,1,1,"(256, 256, 3)",0.666466234523049
245,5488e8df5440ee5161fdfae3aeccd2ee396636430065c90e3f1f73870a975991,36,0.07041973039215686,1,1,"(360, 360, 3)",0.523891774891775
246,0121d6759c5adb290c8e828fc882f37dfaf3663ec885c663859948c154a443ed,86,0.5983739981617647,0,0,"(256, 320, 3)",0.2606185085699177
247,c04fa1a74a980d790ba6f3e595fd9851f14370bb71c7cbb7846c33ca9d72687f,56,0.2099800857843137,1,1,"(256, 256, 3)",0.7273102216147159
248,f8e74d4006dd68c1dbe68df7be905835e00d8ba4916f3b18884509a15fdc0b55,57,0.09325980392156863,1,1,"(256, 256, 3)",0.44409493101342584
249,dec1764c00e8b3c4bf1fc7a2fda341279218ff894186b0c2664128348683c757,21,0.062477022058823536,1,1,"(360, 360, 3)",0.5202606358111267
250,193ffaa5272d5c421ae02130a64d98ad120ec70e4ed97a72cdcd4801ce93b066,157,0.2578048406862745,1,1,"(520, 696, 3)",0.5361664088341583
251,4ae4f936a9ade472764dad80f60f7168e4be067aa66ce9d06d60ebe34951dca4,30,0.5435342087928922,0,0,"(256, 320, 3)",0.5211987818383167
252,8aa1a883f61f0bb5af3d3d60acaaf33af45ef4fbffaac15ae838bc1ce37b6fbf,7,0.16467524509803924,1,1,"(256, 256, 3)",0.9166666666666666
253,0bf4b144167694b6846d584cf52c458f34f28fcae75328a2a096c8214e01c0d0,57,0.08686427696078433,1,1,"(256, 256, 3)",0.5144005672537845
254,e216ec5063d3562b793e434c491051bd8867f6c2e571e41137c7c560cc0e6a03,21,0.22559742647058825,1,1,"(256, 256, 3)",0.4122938685456033
255,7f38885521586fc6011bef1314a9fb2aa1e4935bd581b2991e1d963395eab770,101,0.791015625,1,2,"(1024, 1024, 3)",0.20564374999544882
256,12aeefb1b522b283819b12e4cfaf6b13c1264c0aadac3412b4edd2ace304cb40,124,0.17534466911764707,1,1,"(520, 696, 3)",0.444594571252326
257,709e094e39629a9ca21e187f007b331074694e443db40289447c1111f7e267e7,22,0.4484276087622549,0,0,"(256, 320, 3)",0.4604074415287229
258,6d327ab4f0e3604fa6e9b8041c7e6db86ab809890d886c691f6e59c9168b7fbe,17,0.4645022204350491,0,0,"(256, 320, 3)",0.5968584356819651
259,b3b1626f8ad156acb2963d1faa6a368f9378a266c3b90d9321087fdc5b3032b4,27,0.05106464460784314,1,1,"(360, 360, 3)",0.7683516483516484
260,74a7785530687a11ecd073e772f90912d9967d02407a192bfab282c35f55ab94,24,0.5015969829963235,0,0,"(256, 320, 3)",0.16415789717006754
261,5c235b945b25b9905b9b0429ce59f1db51d0d0c7d48c2c21ab9f3ca54b0715e6,29,0.06648284313725492,1,1,"(360, 360, 3)",0.6225201465201465
262,49edc2f7715100fb0390916e52b3fd11a921f02e59509dc987f67840a36250fc,70,0.07426470588235294,1,1,"(520, 696, 3)",0.8396514375347216
263,f113626a04125d97b27f21b45a0ce9a686d73dee7b5dbc0725d49194ba0203bd,24,0.06295189950980393,1,1,"(360, 360, 3)",0.7905351170568562
264,e7a3a7c99483c243742b6cfa74e81cd48f126dcef004016ad0151df6c16a6243,150,0.06548713235294118,1,1,"(520, 696, 3)",0.7579790122912821
265,a486f6ed4b8781e7883e433d06a83dd66db3e8b36d45b9976c4214820ee22629,53,0.05526194852941176,1,1,"(520, 696, 3)",0.7923500842479755
266,40b00d701695d8ea5d59f95ac39e18004040c96d17fbc1a539317c674eca084b,24,0.11043198529411764,1,1,"(512, 640, 3)",0.40659779036021637
267,9b25b8ffd5f52b6c3d235a42d51d380503d1f80b61ef0f62eeb696f5977c38e6,10,0.09721200980392157,1,1,"(256, 256, 3)",0.6805841217605925
268,e5a7b8a9924b26b3abf039255a8a3bb00258f4966f68ff3349560b4350af9367,20,0.06256127450980392,1,1,"(360, 360, 3)",0.6903637770897834
269,f4c4db3df4ff0de90f44b027fc2e28c16bf7e5c75ea75b0a9762bbb7ac86e7a3,68,0.05107996323529411,1,1,"(603, 1272, 3)",0.010159444985394353
270,f0c9f135c62572f3669a75b2c735e4477dc77fac85e653426ee2b3bcfbed7aaf,24,0.06706495098039215,1,1,"(360, 360, 3)",0.8076489533011271
271,8d29c5a03e0560c8f9338e8eb7bccf47930149c8173f9ba4b9279fb87d86cf6d,38,0.19090073529411766,1,1,"(520, 696, 3)",0.8055640940471778
272,a7f767ca9770b160f234780e172aeb35a50830ba10dc49c526f4712451abe1d2,11,0.4460600551470588,0,0,"(256, 320, 3)",0.2611111111111111
273,a101a00fea63f0c43abe5323f4f890bec881eb0caa3bc8498991ff5fd207ed91,18,0.27458639705882354,1,1,"(256, 256, 3)",0.6219301376464564
274,7f2b154541166210f468d89bb0a7184f10e51168a181dbb8b686c14654ffa317,102,0.14000459558823528,1,1,"(520, 696, 3)",0.6487077725524271
275,89be66f88612aae541f5843abcd9c015832b5d6c54a28103b3019f7f38df8a6d,19,0.051087622549019614,1,1,"(360, 360, 3)",0.6234313725490196
276,bfe8ef193a68a0a86a5e4ae1ddc27bda3f9ffe170494395be4030ba72737c565,37,0.09731158088235295,1,1,"(256, 256, 3)",0.5105075020438797
277,c44ed955eb2e5c8d820b01477e122b32eff6dd475343e11229c33d8af3473b22,123,0.07607996323529413,1,1,"(520, 696, 3)",0.730729611864481
278,751f421d322940d6efe3bd570a66ecda16d08a1b90bc32a6d7ae1af89856fd49,29,0.14158241421568626,1,1,"(256, 256, 3)",0.8595238095238097
279,e321cfa987e77c21373a0f8b1236c83d6636306949a82a7f5b07fc0838e7777f,15,0.08667279411764706,1,1,"(256, 256, 3)",0.3864302587677201
280,a1777737270c5f96c4523dff76e4097756f8f7d4c9d59bac079e31f9510deabd,26,0.05929074754901961,1,1,"(360, 360, 3)",0.6312301587301586
281,b61d3fb0d0ebbee018346e0adeff9e9178f33aa95262779b3c196f93b4ace895,170,0.1669577205882353,1,1,"(520, 696, 3)",0.607524802640308
282,003cee89357d9fe13516167fd67b609a164651b21934585648c740d2c3d86dc1,36,0.1303768382352941,1,1,"(256, 256, 3)",0.7515038115038115
283,b0e35e06b85da49bfe3ea737711a72b551a6add446e30eabb01aa683a79873c5,15,0.4988276700367647,0,0,"(256, 320, 3)",0.46684418909264114
284,91cc2e0d4d6e2c1ad59a8d63bcbe3e2ea8bc7f8e642e942a0113450181e73379,36,0.07800245098039214,1,1,"(256, 256, 3)",0.5450842660842661
285,8b12e18670e4b24d03567d1e17c0c24fadf0ea2c1e763983dd6bb4c44b7376a6,7,0.14432444852941173,1,1,"(256, 256, 3)",0.915
286,4b274461c6d001a7a9aeaf5952b40ac4934d1be96b9c176edfd628a8f77e6df2,16,0.08690257352941178,1,1,"(256, 256, 3)",0.6090910364145659
287,10328b822b836e67b547b4144e0b7eb43747c114ce4cacd8b540648892945b00,23,0.16456801470588237,1,1,"(256, 256, 3)",0.701219179767101
288,813f41ef376c3cbcc9d6e2ce6a51c2ee068226d1c1b13404eb238dcfdd447c97,14,0.10638020833333335,1,1,"(256, 256, 3)",0.6556579449961804
289,1a11552569160f0b1ea10bedbd628ce6c14f29edec5092034c2309c556df833e,46,0.7335860906862746,1,2,"(1024, 1024, 3)",0.1724817480750857
290,72b18a405555ad491721e29454e5cd325055ce81a9e78524b56f2c058a4d2327,7,0.08691789215686276,1,1,"(256, 256, 3)",0.6427777777777778
291,1631352dbafb8a90f11219fffd3bea368a30bc3bad3bbe0e84e19bd720df4945,32,0.5968202512254901,0,0,"(256, 320, 3)",0.5275570399621633
292,5ddbfba2519484316e4b7ccabfa605e6e6fd96c3d87ac8cdfd2c134571a15311,23,0.3537224264705882,1,1,"(256, 256, 3)",0.4311421170356592
293,876423522bdec1602917b94163a21e05fc7b692045219b7bc96cdaf638c33c25,119,0.08106617647058822,1,1,"(520, 696, 3)",0.7211512786583254
294,431b9b0c520a28375b5a0c18d0a5039dd62cbca7c4a0bcc25af3b763d4a81bec,11,0.08189338235294116,1,1,"(256, 256, 3)",0.5176046176046175
295,7ba20aa731cc21af74a8d940254176cbad1bdc44f240b550341c6d9c27509daa,18,0.11253829656862749,1,1,"(256, 256, 3)",0.7688909017713366
296,bbfc4aab5645637680fa0ef00925eea733b93099f1944c0aea09b78af1d4eef2,12,0.14765625,1,1,"(520, 696, 3)",0.631060051060051
297,1c2f9e121fc207efff79d46390df1a740566b683ff56a96d8cabe830a398dd2e,12,0.14299172794117648,1,1,"(256, 256, 3)",0.6425868249397662
298,5953af5080d981b554529971903d8bee9871457a4361b51f04ba04f43793dd8f,31,0.1101485906862745,1,1,"(256, 256, 3)",0.4646186307553875
299,8f6597cd978c060378177df76e554d0578b97eab471e237dbe0adc0dd0d93d63,9,0.37511488970588236,1,1,"(256, 256, 3)",0.42102564102564105
300,08275a5b1c2dfcd739e8c4888a5ee2d29f83eccfa75185404ced1dc0866ea992,98,0.712469362745098,1,2,"(1024, 1024, 3)",0.2633127461192336
301,356d9903d16074f152fe8f2f0ef555d9959c53264228eae7373cad5cf35d4e85,54,0.24751072303921567,1,1,"(256, 256, 3)",0.7065047675314186
302,2cfa857e63be1b418c91ad5ea1f8d136fd1b80fc856e1d4277274c3dea28011c,11,0.09801623774509806,1,1,"(256, 256, 3)",0.5434999640881994
303,45c3bdef1819ba7029990e159f61543ed25781d13fb4dc5d4de52e803debd7d3,8,0.14521292892156865,1,1,"(520, 696, 3)",0.8341880341880341
304,64eeef16fdc4e26523d27bfa71a1d38d2cb2e4fa116c0d0ea56b1322f806f0b9,90,0.2437576593137255,1,1,"(256, 256, 3)",0.665479094776289
305,5e263abff938acba1c0cff698261c7c00c23d7376e3ceacc3d5d4a655216b16d,78,0.7711320465686275,1,2,"(1024, 1024, 3)",0.32485533679146794
306,8c3ef7aa7ed29b62a65b1c394d2b4a24aa3da25aebfdf3d29dbfc8ad1b08e95a,39,0.2126761642156863,1,1,"(520, 696, 3)",0.803361376000978
307,80632d6be60c8462e50d51bcf5caf15308931603095d6b5e772a115cd0d0470c,36,0.08623621323529411,1,1,"(512, 640, 3)",0.4604640578590159
308,ecb36c90cdd20245d89173c106f3c6a2d124d07bdea0ae202fb1efa49b0cd169,120,0.06123621323529413,1,1,"(520, 696, 3)",0.8043743634285587
309,bf4a61bb81589c9a67e3343408befd3e135af5e88b50c17f998f2131d24bc271,3,0.5571323805147059,0,0,"(256, 320, 3)",0.4666666666666666
310,5908488d940e846cc121c768758da9b1bd5b9922417e20c9101a4e254fa98af8,46,0.14521292892156867,1,1,"(256, 256, 3)",0.806812435127199
311,693bc64581275f04fc456da74f031d583733360a1f6032fa38b3fbf592ff4352,57,0.09355851715686275,1,1,"(256, 256, 3)",0.4207086936960147
312,2cfa61bef6542dd359717e9131ce6f076c415a3bd7f48cb093b0d7f3b2ca785d,107,0.0587469362745098,1,1,"(520, 696, 3)",0.8384453374278114
313,4d09672bcf5a2661eea00891bbb8191225a06619a849aece37ad10d9dedbde3e,36,0.22228094362745096,1,1,"(520, 696, 3)",0.7576524974603722
314,f01a9742c43a69f087700a43893f713878e537bae8e44f76b957f09519601ad6,28,0.21261488970588238,1,1,"(520, 696, 3)",0.9055813953488373
315,11a0170f44e3ab4a8d669ae8ea9546d3a32ebfe6486d9066e5648d30b4e1cb69,12,0.09072457107843138,1,1,"(256, 256, 3)",0.6915711100493709
316,8ecdb93582b2d5270457b36651b62776256ade3aaa2d7432ae65c14f07432d49,6,0.16377144607843136,1,1,"(256, 256, 3)",0.8714285714285713
317,20c37b1ad2f510ed7396969e855fe93d0d05611738f6e706e8ca1d1aed3ded45,24,0.06996783088235292,1,1,"(512, 640, 3)",0.5814920364280978
318,175dbb364bfefc9537931144861c9b6e08934df3992782c669c6fe4234319dfc,179,0.05840992647058824,1,1,"(520, 696, 3)",0.6714570715730049
319,7ac468eb217b7058d22c1711285d21949b4121bf3fa3217e3e51453666ebecff,6,0.10923713235294116,1,1,"(256, 256, 3)",0.8128571428571428
320,4c465a54e329ec7b0f4bc5f6acdfd3192707d6c0fbdf557339485581c5a6b3c1,79,0.08651960784313728,1,1,"(256, 256, 3)",0.5906187308115879
321,d7ec8003735996458b56ccb8ae34d080eb2a6adabef931323239632515b4b220,7,0.3763327205882353,1,1,"(256, 256, 3)",0.7305194805194806
322,4596961c789d3b41916492918797724fe75128239fefc516c3ee75322b7926f0,133,0.06319699754901961,1,1,"(520, 696, 3)",0.683342878192094
323,3852c7e45bd885b9537e276861ab50b99bb42f0f8e717d2f88174c62862ca3ff,56,0.27002910539215685,1,1,"(256, 256, 3)",0.467352231102231
324,d7db360fabfce9828559a21f6bffff589ae868e0dc6101d7c1212de34a25e3cb,27,0.05121017156862745,1,1,"(360, 360, 3)",0.6887201081574483
325,da5f98f2b8a64eee735a398de48ed42cd31bf17a6063db46a9e0783ac13cd844,140,0.17715992647058826,1,1,"(520, 696, 3)",0.6209223436570779
326,8a26b134fe9343c0c794513dae7787b7ac1debec3bb2a7096ab0b874a31d8175,29,0.18791360294117648,1,1,"(256, 256, 3)",0.5470648894149506
327,5bda829acd824821bc1f3f6573cf065d364653d5322f033a4af943f7a6170566,20,0.04708180147058824,1,1,"(360, 360, 3)",0.7672739541160594
328,724b6b7044522f6d5ea35b55f8fa71d0a45a28687be2b7cac3149943ab816eec,18,0.08614430147058824,1,1,"(512, 640, 3)",0.4501119591909066
329,3441821ebea04face181c9e2f4d0d09727c764827ac51b9e7fbadbebabeab225,28,0.07021292892156863,1,1,"(360, 360, 3)",0.6638102832839675
330,0c2550a23b8a0f29a7575de8c61690d3c31bc897dd5ba66caec201d201a278c2,73,0.6036002918198529,0,0,"(256, 320, 3)",0.41893775126506255
331,5f9d29d6388c700f35a3c29fa1b1ce0c1cba6667d05fdb70bd1e89004dcf71ed,148,0.08662683823529413,1,1,"(520, 696, 3)",0.7718051700812583
332,2c61fdcb36fd1b2944895af6204279e9f6c164ba894198b40c8b7a3c9bf500ea,29,0.5804230997242648,0,0,"(256, 320, 3)",0.5453260218346425
333,00071198d059ba7f5914a526d124d28e6d010c92466da21d4a04cd5413362552,27,0.09489123774509803,1,1,"(256, 256, 3)",0.48499552299552295
334,6f8197baf738986a1ec3b6ba92b567863d897a739376b7cec5599ad6cecafdfc,20,0.2047640931372549,1,1,"(520, 696, 3)",0.869702380952381
335,237802ac5005f9cf782367156c46c383efd9e05088e5768ca883cbbe24abadb1,8,0.09778645833333333,1,1,"(256, 256, 3)",0.8253968253968254
336,43cf6b2ec0b0745ac2b87b4d8780f62e9050d3f5d50a1fcefa42d166191e84c6,23,0.22296262254901963,1,1,"(520, 696, 3)",0.9379710144927536
337,98a463483fe3a56deacc8bc00ab8aa62668bd40ad0c70bbe7deb10d3e4aeb0c0,125,0.05413602941176471,1,1,"(520, 696, 3)",0.8438063019920088
338,c6216cdc42f61bc345434986db42e2ef9b9741aee3210b7a808e952e319d2305,32,0.25197610294117645,1,1,"(256, 256, 3)",0.42912920412920413
339,ea00f5a91ca75e745d675201cc62d7db266f8e2787033e15a7dd5f1cc5c0ad72,40,0.14000459558823533,1,1,"(256, 256, 3)",0.7717693350010424
340,3934a094e8537841e973342c7f8880606f7a2712b14930340d6f6c2afe178c25,65,0.5223811343443628,0,0,"(256, 320, 3)",0.35504430762294015
341,483b89aa683542f1c63e62f5f71ae8ae1f959caf1c379cd61230a71cd1036732,13,0.11721047794117645,1,1,"(256, 256, 3)",0.8578571428571429
342,b1eb0123fe2d8c825694b193efb7b923d95effac9558ee4eaf3116374c2c94fe,12,0.05121017156862745,1,1,"(360, 360, 3)",0.46936572199730087
343,6c67b78e8164801059375ed9a607f61e67a7ae347e92e36a7f20514224541d56,111,0.45798847886029415,0,0,"(256, 320, 3)",0.2982215876290061
344,b7a86f4968071e0f963fa87ef314fdd1b6c73a66355431cc53a37e193ba6be9b,9,0.1132046568627451,1,1,"(256, 256, 3)",0.8625
345,c53326fe49fc26b7fe602b9d8c0c2da2cb157690b44c2b9351a93f8d9bd8043d,101,0.3450903799019608,1,1,"(256, 256, 3)",0.5275044151150377
346,b6d50fa22380ae3a7e8c52c5bc44a254e7b2596fd8927980dbe2c160cb5689b5,16,0.13645067401960784,1,1,"(256, 256, 3)",0.6372410865874363
347,6b0ac2ab04c09dced54058ec504a4947f8ecd5727dfca7e0b3f69de71d0d31c7,10,0.522435814185049,0,0,"(256, 320, 3)",0.3697581585081585
348,7aa1aaa5e032a980f434c8ed63efb57ab0d338d6154c47f7bb75afdc89f43c04,66,0.12411151960784314,1,1,"(256, 256, 3)",0.6371699228506761
349,05a8f65ebd0b30d3b210f30b4d640c847c2e710d0d135e0aeeaccbe1988e3b6e,26,0.3386488970588235,1,1,"(256, 256, 3)",0.6473688348688349
350,7d40ea6ead1bec903f26d9046d291aedcb12a584b4d3b337ea252b34c7d86072,21,0.05512408088235293,1,1,"(360, 360, 3)",0.754105432663785
351,1bd0f2b3000b7c7723f25335fabfcdddcdf4595dd7de1b142d52bb7a186885f0,23,0.06254595588235294,1,1,"(360, 360, 3)",0.8250921658986174
352,76c44d1addac92a65f1331f2d93f4e3b130bd4e538a6e5239c3ac1f4c403608a,35,0.23012408088235295,1,1,"(256, 256, 3)",0.6439649788848874
353,ad9d305cbf193d4250743ead466bdaefe910835d7e352c544e22320e8336f5c1,34,0.05795802696078431,1,1,"(512, 640, 3)",0.6846316051448389
354,e9b8ad127f2163438b6236c74938f43d7b4863aaf39a16367f4af59bfd96597b,12,0.19168198529411767,1,1,"(256, 256, 3)",0.6306950067476383
355,e1bcb583985325d0ef5f3ef52957d0371c96d4af767b13e48102bca9d5351a9b,6,0.32632506127450983,1,1,"(256, 256, 3)",0.13055555555555556
356,06c779330d6d3447be21df2b9f05d1088f5b3b50dc48724fc130b1fd2896a68c,30,0.07032781862745098,1,1,"(360, 360, 3)",0.7364519097021748
357,5d75a63972ef643efd7c42f20668b167f2af43635d6263962d84e62e7609ab51,88,0.5608605085784314,0,0,"(256, 320, 3)",0.337810395101185
358,9cbc0700317361236a9fca2eb1f8f79e3a7da17b1970c179cf453921a6136001,7,0.30072763480392156,1,1,"(256, 256, 3)",0.5182539682539683
359,7f34dfccd1bc2e2466ee3d6f74ff05821a0e5404e9cf2c9568da26b59f7afda5,55,0.5965228255208332,0,0,"(256, 320, 3)",0.43355175156244224
360,b1a239838c7dbb34ffea851ad537899f24da62f4e3f3fd6d835ff7b922f27313,29,0.04338235294117647,1,1,"(360, 360, 3)",0.7075649350649351
361,ef3ef194e5657fda708ecbd3eb6530286ed2ba23c88efb9f1715298975c73548,75,0.5841191620710784,0,0,"(256, 320, 3)",0.3722260520350233
362,6b6d4e6ff52de473a4b6f8bd0f11ae22242d508cc4117ff38ec39cbb88088aaa,61,0.058938419117647065,1,1,"(520, 696, 3)",0.7097136446068919
363,0ea221716cf13710214dcd331a61cea48308c3940df1d28cfc7fd817c83714e1,369,0.2875,1,1,"(520, 696, 3)",0.4317815284937613
364,2246874c8b5ba218d01ad8153a201ad4660195f3e4c65da6b9d4ccaf82cb7edf,83,0.4918730560661765,0,0,"(256, 320, 3)",0.3329988641439029
365,8bef203fce625e4d8c89dca728158be4662dfdfdcd4dc73a6aa39a908c1631bc,20,0.11019454656862746,1,1,"(256, 256, 3)",0.603715077526172
366,5bb8508ff8ec8683fc6a8aa6bd470f6feb3af4eccdca07f51a1ebc9dad67cfb8,32,0.18279718137254902,1,1,"(520, 696, 3)",0.7889902731427499
367,3ca8181367fc1258a418f7bf5044533c83e02a59c1a96def043295c429c297a8,20,0.05507812500000001,1,1,"(360, 360, 3)",0.844341432225064
368,ec486143ecfec847c22cd8cbc207d85312bcf38e61c9b9a805e0d12add62da8d,11,0.23784466911764707,1,1,"(256, 256, 3)",0.7335784313725491
369,a0325cb7aa59e9c0a75e64ba26855d8032c46161aa4bca0c01bac5e4a836485e,39,0.6627454557291665,0,0,"(256, 320, 3)",0.30300608610466784
370,d7d12a2acc47a94961aeb56fd56e8a0873016af75f5dd10915de9db8af8e4f5e,22,0.04723498774509805,1,1,"(360, 360, 3)",0.655034965034965
371,ed4b8e0d756836be7acb2e2b7799c473b52424e3092a71d3c6d23558e500dc4c,76,0.2180606617647059,1,1,"(256, 256, 3)",0.6483654588173202
372,1e8408fbb1619e7a0bcdd0bcd21fae57e7cb1f297d4c79787a9d0f5695d77073,14,0.09410998774509804,1,1,"(256, 256, 3)",0.6487720612720612
373,08ae2741df2f5ac815c0f272a8c532b5167ee853be9b939b9b8b7fa93560868a,7,0.17576593137254903,1,1,"(256, 256, 3)",0.8472222222222221
374,7b5987a24dd57325e82812371b3f4df7edc528e0526754ba94cf3a1ea4df25d2,49,0.10111060049019607,1,1,"(256, 256, 3)",0.5537452599080506
375,af576e8ec3a8d0b57eb6a311299e9e4fd2047970d3dd9d6f52e54ea6a91109da,2,0.5763172028186275,0,0,"(256, 320, 3)",0.15
376,54793624413c7d0e048173f7aeee85de3277f7e8d47c82e0a854fe43e879cd12,73,0.7448988970588235,1,2,"(1024, 1024, 3)",0.3730908702251505
377,6fc83b33896f58a4a067d8fdcf51f15d4ae9be05d8c3815d23336f1f2a8c45a1,23,0.05903033088235295,1,1,"(360, 360, 3)",0.8811578947368421
378,0b2e702f90aee4fff2bc6e4326308d50cf04701082e718d4f831c8959fbcda93,5,0.203170955882353,1,1,"(256, 256, 3)",0.925
379,3a22fe593d9606d4f137461dd6802fd3918f9fbf36f4a65292be69670365e2ca,22,0.04322150735294118,1,1,"(360, 360, 3)",0.7432592040872933
380,a6001531274f9ad16e0ced40380f9667b9149558dea7053f7a7db18f5cd028c0,10,0.11420802696078432,1,1,"(256, 256, 3)",0.5149892591069062
381,319b6cb8b0d24b38db5e3c6fbb13b062e2766d9af5ff9bccb8f439ac0d870e52,47,0.2437576593137255,1,1,"(256, 256, 3)",0.5497017320398359
382,b214800de5ed4cc558f44d569495970f93c8c047f8e464c51d4bd5c276118423,64,0.5817608930759803,0,0,"(256, 320, 3)",0.4303960702554018
383,f9ac03b0344ce8c48bc058448541f9211a1e5f4c94fdaf633dd534328d8610ab,20,0.14225643382352943,1,1,"(256, 256, 3)",0.8229545454545454
384,be1916d0e5592c17f971315b5de720ef6894173087399daed94a52ef109c1572,8,0.30947457107843135,1,1,"(256, 256, 3)",0.6433766233766234
385,40bcdad218ac5f0885fc247d88fcad9f729f55c81c79d241a8f1559b6d8c0574,12,0.07784926470588235,1,1,"(256, 256, 3)",0.7850202429149797
386,4e1c889de3764694d0dea41e5682fedb265eaf2cdbe72ff6c1f518747d709464,43,0.23367800245098036,1,1,"(520, 696, 3)",0.7236013164705865
387,5cc036b65f7f2d5480e2be111a561f3713ac021683a9a9138dc49492a29ce856,16,0.07488511029411765,1,1,"(256, 256, 3)",0.5301754385964912
388,fec226e45f49ab81ab71e0eaa1248ba09b56a328338dce93a43f4044eababed5,13,0.22339920343137254,1,1,"(256, 256, 3)",0.7415338345864662
389,edd36ed822e7ed760ff73e0524df22aa5bf5c565efcdc6c39603239c0896e7a8,49,0.10943627450980392,1,1,"(256, 256, 3)",0.24328302680749112
390,03f583ec5018739f4abb9b3b4a580ac43bd933c4337ad8877aa18b1dfb59fc9a,17,0.059091605392156854,1,1,"(360, 360, 3)",0.8834057971014493
391,27c30f9011492f234e4587c9a4b53c787037d486f658821196fe354240ac3c47,39,0.13034620098039215,1,1,"(256, 256, 3)",0.7530124625804123
392,f952cc65376009cfad8249e53b9b2c0daaa3553e897096337d143c625c2df886,151,0.42225276807598033,0,0,"(256, 320, 3)",0.27695172413465907
393,e4ae1ceddb279bac30273ca7ac480025ce2e7287328f5272234b5bbca6d13135,16,0.19711243872549017,1,1,"(256, 256, 3)",0.806516629640362
394,9520aff4efe87bd8f3901652fa2dde9b4bc9c679325966145ce00c1ca33f35de,44,0.058593750000000014,1,1,"(512, 640, 3)",0.509179625205834
395,54cb3328e778d87f76062b0550e3bc190f46384acd8efbe58c297265d1906e84,36,0.19168198529411767,1,1,"(256, 256, 3)",0.5387934945911231
396,8f94a80b95a881d0efdec36affc915dca9609f4cba8134c4a91b219d418778aa,75,0.775482536764706,1,2,"(1024, 1024, 3)",0.28481818682879745
397,547ef286ee5f4e5dce533e982e6992ada67b7d727fdd3cfa6576f24c631a7ae6,257,0.20875459558823528,1,1,"(520, 696, 3)",0.4919281454602052
398,ed8c31b001a0c23c33402f94a5ee6b0209e0c6419eb52d5d02255513e3a672fc,91,0.2662760416666667,1,1,"(256, 256, 3)",0.6047995909640915
399,718751b439c05bdd589f04fcef321a86be3ecb35292a435138e295e05eb2e771,61,0.5921244891237745,0,0,"(256, 320, 3)",0.41488384792459143
400,5d2c98fd6fda3c7d739461c3b3d4a0c7f8456121a14519dc5955a1775227b053,40,0.12472426470588235,1,1,"(256, 256, 3)",0.6775062968987774
401,5c6eb9a47852754d4e45eceb9a696c64c7cfe304afc5ea491cdfef11d55c17f3,60,0.4919656617647059,0,0,"(256, 320, 3)",0.34469097881946886
402,88d5a03f8ecd459f076a06e0d5035149193bfdd727c30905de19054dcb9018ae,38,0.2324984681372549,1,1,"(256, 256, 3)",0.7412390508042682
403,ce9e1a58b58940039ae841466198b72ea21cc90584039a9294b47f5aef17ddfa,32,0.16530330882352942,1,1,"(256, 256, 3)",0.649087996866321
404,66236902b874b7e4b3891db63a69f6d56f6edcec6aca7ba3c6871d73e7b4c34f,25,0.07027420343137254,1,1,"(360, 360, 3)",0.7744624505928853
405,947c0d94c8213ac7aaa41c4efc95d854246550298259cf1bb489654d0e969050,64,0.636673382352941,0,0,"(256, 320, 3)",0.2431575103207244
406,eb1df8ed879d04b36980b0958a0e8fc446ad08c0bdcf3b5f42e3db023187c7e5,59,0.5879778439031864,0,0,"(256, 320, 3)",0.4598169721777043
407,1d4a5e729bb96b08370789cad0791f6e52ce0ffe1fcc97a04046420b43c851dd,27,0.1557061887254902,1,1,"(256, 256, 3)",0.8111433437014831
408,2e2d29fc44444a85049b162eb359a523dec108ccd5bd75022b25547491abf0c7,23,0.475568443627451,0,0,"(256, 320, 3)",0.6253424504188512
409,b6edad733399c83c8eb7a59c0d37b54e10cc0d59894e39ff843884d84f61dee1,25,0.06642922794117646,1,1,"(360, 360, 3)",0.526460127254399
410,5afb7932e9c7328f4fb1d7a8166a3699d6cdc5192b93758a75e9956f1513c5a3,272,0.21802236519607843,1,1,"(520, 696, 3)",0.4627277969653151
411,03398329ced0c23b9ac3fac84dd53a87d9ffe4d9d10f1b5fe8df8fac12380776,16,0.37511488970588236,1,1,"(256, 256, 3)",0.6401143431320777
412,57bd029b19c1b382bef9db3ac14f13ea85e36a6053b92e46caedee95c05847ab,9,0.5117168765318627,0,0,"(256, 320, 3)",0.3768350930115636
413,3a3fee427e6ef7dfd0d82681e2bcee2d054f80287aea7dfa3fa4447666f929b9,56,0.11408547794117647,1,1,"(256, 256, 3)",0.5013726435356229
414,958114e5f37d5e1420b410bd716753b3e874b175f2b6958ebf1ec2bdf776e41f,147,0.06694240196078431,1,1,"(520, 696, 3)",0.8070498806433564
415,bb481eae02085bbae08742f702b9ab7d8b2ff9df2fbefeee9fac51f7c77dd01f,26,0.10134803921568628,1,1,"(256, 256, 3)",0.40501336749583594
416,564fa390d9a9c26f986bf860d9091cbd84244bc1c8e3c9369f2f2e5b5fd99b92,65,0.3601026348039216,1,1,"(256, 256, 3)",0.5963879304750461
417,16c3d5935ba94b720becc24b7a05741c26149e221e3401924080f41e2f891368,11,0.09385723039215688,1,1,"(256, 256, 3)",0.43107226107226115
418,abc781c8721fe04b877a7e324494eb75aa5bce94950a0e4e4d7d6ffc9e74da62,11,0.09021139705882353,1,1,"(256, 256, 3)",0.718243006993007
419,61a15ccbfebb9d2fc54c068472a75d7babfb3f48fea008470e7db807585f9510,42,0.13019301470588235,1,1,"(256, 256, 3)",0.6594522705138399
420,e5f8ad0f0a43af8ca57e31e16800108abdfb44a7e962a71d246f72d2dbde42bf,6,0.13027726715686275,1,1,"(256, 256, 3)",0.9714285714285713
421,c9f305be17312bdb9530fb4f1adc6d29730ddbe0e74730cbf031de174bf437b7,20,0.06254595588235294,1,1,"(360, 360, 3)",0.832907636738906
422,4cbd6c37f3a55a538d759d440344c287cac66260d3047a83f429e63e7a0f7f20,13,0.5354270802696077,0,0,"(256, 320, 3)",0.5552777777777778
423,f20eb4592e7d3cf58d421a9c34832d33adcdcbd0e17b7bf009a013847608da27,30,0.12941942401960785,1,1,"(256, 256, 3)",0.8108367071524967
424,c7d546766518703580f63d5d8f11d54971044753f53c0b257d19c2f99d4bfdd0,52,0.09731924019607843,1,1,"(256, 256, 3)",0.3681858762186737
425,4829177d0b36abdd92c4ef0c7834cbc49f95232076bdd7e828f1f7cbb5ed80ec,8,0.09826133578431373,1,1,"(256, 256, 3)",0.8698412698412697
426,c395870ad9f5a3ae651b50efab9b20c3e6b9aea15d4c731eb34c0cf9e3800a72,114,0.7131357230392157,1,2,"(1024, 1024, 3)",0.21692674967376635
427,af6b6173c59450bc76b2cc461cf233921fbfdb6feb8dd6da03a0d44193221fd0,37,0.5688819707414215,0,0,"(256, 320, 3)",0.37554760994615044
428,b98681c74842c4058bd2f88b06063731c26a90da083b1ef348e0ec734c58752b,5,0.09378829656862744,1,1,"(256, 256, 3)",0.825
429,86f9087eb1d0875ffb1a28cca7645b14d6c66f995c7d96aa13969d2f8115d533,20,0.05897671568627451,1,1,"(360, 360, 3)",0.928407224958949
430,2c83c86dd4e5dacc024b55629375567fb8e320a82ef86f541cfe54764040fc25,24,0.10572916666666668,1,1,"(520, 696, 3)",0.6920347725320188
431,c00ae67f72816daee468474026e30705003b2d3501f123579a4f0a6366b66aa1,24,0.10873161764705885,1,1,"(256, 256, 3)",0.6220686826399161
432,3f9fc8e63f87e8a56d3eaef7db26f1b6db874d19f12abd5a752821b78d47661e,156,0.09535845588235295,1,1,"(520, 696, 3)",0.7750781756894599
433,8e507d58f4c27cd2a82bee79fe27b069befd62a46fdaed20970a95a2ba819c7b,6,0.5565710585171568,0,0,"(256, 320, 3)",0.33837301587301594
434,c901794d1a421d52e5734500c0a2a8ca84651fb93b19cec2f411855e70cae339,14,0.294921875,1,1,"(1040, 1388, 3)",0.9866666666666667
435,afa272dc01825d4b929b3bfc79a10f68dd3c163c450d858b964d1ce0bc93e131,10,0.18391544117647063,1,1,"(520, 696, 3)",0.9818181818181818
436,abbfff07379bceb69dba41dad8b0db5eb80cc8baf3d4af87b7ee20b0dac32215,37,0.08991268382352942,1,1,"(256, 256, 3)",0.4627916931676331
437,53ad09e4348767bece0165884bf40c10b72ae18444e3f414a850442f02385efc,123,0.06624540441176471,1,1,"(520, 696, 3)",0.7984804879863191
438,6aa7dd0c88bec4f96cdd497f9c37779733033d9ec6513307461302d36bd32ac7,10,0.1841452205882353,1,1,"(256, 256, 3)",0.8079802550390787
439,815524d88283ba10ad597b87aa1967671db776df8004a0c4291b67fc2624c22a,29,0.5284111251531862,0,0,"(256, 320, 3)",0.5379173559581801
440,f26f4c2c70c38fe12e00d5a814d5116691f2ca548908126923fd76ddd665ed24,52,0.09850643382352942,1,1,"(256, 256, 3)",0.5242341428662184
441,e66f25e175abab08ecb4e5f6859db64a211e0ddffb262d7e727b9d9bd4aad2d2,11,0.08638939950980394,1,1,"(256, 256, 3)",0.7353021978021979
442,3b0709483b1e86449cc355bb797e841117ba178c6ae1ed955384f4da6486aa20,17,0.5466399004289216,0,0,"(256, 320, 3)",0.5266525375305179
443,c1afe66cd139f996fd984f5f2622903730ec2f1192d90608154f07f7ef6cdb4b,13,0.45358826822916676,0,0,"(256, 320, 3)",0.5332006486805247
444,d8607b21411c9c8ab532faaeba15f8818a92025897950f94ee4da4f74f53660a,24,0.051455269607843135,1,1,"(360, 360, 3)",0.7905093167701863
445,353ab00e964f71aa720385223a9078b770b7e3efaf5be0f66e670981f68fe606,50,0.5760607352941176,0,0,"(256, 320, 3)",0.4987214411699063
446,1023509cf8d4c155467800f89508690be9513431992f470594281cd37dbd020d,23,0.06280637254901962,1,1,"(360, 360, 3)",0.9035330261136714
447,30f65741053db713b3f328d31d3234b6fedbe31df65c1a8ea29be28146cab789,28,0.0903109681372549,1,1,"(256, 256, 3)",0.6074205672630277
448,a022908f1b7880838dbc0411e50828e64b4f5e0263afdf04295e30bb2ff58005,42,0.16480545343137254,1,1,"(256, 256, 3)",0.7164405037401894
449,2a1a294e21d76efd0399e4eb321b45f44f7510911acd92c988480195c5b4c812,57,0.7417509191176471,1,2,"(1024, 1024, 3)",0.28981878561205515
450,a08166d91d2cca263d2dd52764dc25c9c582b7a5ece2b802749fa4be33187c49,22,0.5196743252144608,0,0,"(256, 320, 3)",0.39687474290415464
451,4d2cff9a0c8df3a7ef6100fda6f66e865a7670af6a18564767d8019b9ed2fd7b,119,0.06251531862745098,1,1,"(520, 696, 3)",0.7936782169725535
452,5afcbfd0dd64392aa1e233b996d0bfb4354ee7119f30ae111c33d0fe4df11590,27,0.0629672181372549,1,1,"(360, 360, 3)",0.8799857549857549
453,f4b7c24baf69b8752c49d0eb5db4b7b5e1524945d48e54925bff401d5658045d,9,0.6932205912990195,0,0,"(256, 320, 3)",0.5908730158730159
454,a7a581e6760df4701941670e73d72533e3b0fbd7563488ad92772b41f7709710,124,0.08269761029411765,1,1,"(520, 696, 3)",0.7467986897014358
455,a815a986800a95de0957116c6585deea8ffb6ee09ad00ccc687306937ac698d0,21,0.18839613970588234,1,1,"(256, 256, 3)",0.3529473308458553
456,3ebd2ab34ba86e515feb79ffdeb7fc303a074a98ba39949b905dbde3ff4b7ec0,138,0.09288449754901962,1,1,"(520, 696, 3)",0.7228604636036599
457,1d5f4717e179a03675a5aac3fc1c862fb442ddc3e373923016fd6b1430da889b,7,0.11313572303921571,1,1,"(256, 256, 3)",0.7705555555555555
458,c6de542205b891eed5c40e6d8ae3d03a6ca39b26dc445b4dbc64340d4d64dd2d,5,0.09860600490196081,1,1,"(256, 256, 3)",0.5083333333333333
459,1f6b7cead15344593b32d5f2345fc26713dc74d9b31306c824209d67da401fd8,146,0.08138786764705883,1,1,"(520, 696, 3)",0.6662693736312529
460,308084bdd358e0bd3dc7f2b409d6f34cc119bce30216f44667fc2be43ff31722,60,0.27081801470588235,1,1,"(256, 256, 3)",0.368200564031407
461,b3bfd873fca7ff9b2e90f507dfdbe165bb8c153399b6ba5829aa59bae677a91d,8,0.10509344362745099,1,1,"(256, 256, 3)",0.7435064935064934
462,06350c7cc618be442c15706db7a68e91f313758d224de4608f9b960106d4f9ca,19,0.11249234068627453,1,1,"(256, 256, 3)",0.5140088692109054
463,6034456567632f4b48dc3dfbb98534b5953c151990f4235df6c912c0a9c08397,19,0.10975796568627452,1,1,"(256, 256, 3)",0.8396730462519935
464,7c318172e976ae5a962c9c7a4e9fe46d7fb985765ddd3a3e2108e893a90b92b2,48,0.09755667892156865,1,1,"(256, 256, 3)",0.47177117066409224
465,2817299fd3b88670e86a9db5651ba24333c299d1d41e5491aabfcd95aee84174,16,0.1293964460784314,1,1,"(256, 256, 3)",0.8438789280894543
466,f93ec5e683d81005ffc2a84a1c0299b2406ad14b764b824e013f7ca3a13833b5,32,0.11683517156862747,1,1,"(256, 256, 3)",0.7866647169600807
467,98c5ead89cd066637efd5c93a6edc55c85908eb66807471f0d246d5457341f9c,28,0.11295189950980394,1,1,"(256, 256, 3)",0.36982963302497907
468,3594684b9ea0e16196f498815508f8d364d55fea2933a2e782122b6f00375d04,55,0.787109375,1,2,"(1024, 1024, 3)",0.2995955642886635
469,2ad489c11ed8b77a9d8a2339ac64ffc38e79281c03a2507db4688fd3186c0fe5,9,0.1341299019607843,1,1,"(256, 256, 3)",0.8458823529411765
470,9620c33d8ef2772dbc5bd152429f507bd7fafb27e12109003292b671e556b089,168,0.12827052696078434,1,1,"(520, 696, 3)",0.6511196151922448
471,35ca5f142a7d7a3e4b59f1a767a31f87cb00d66348226bc64094ee3d1e46531c,51,0.0827895220588235,1,1,"(256, 256, 3)",0.49348380270252734
472,52a4ac5a875be7a6c886035d54fb63f5f397dc43508c4831898f6b2f8debc7f3,8,0.11420802696078433,1,1,"(256, 256, 3)",0.883076923076923
473,65c8527c16a016191118e8adc3d307fe3a73d37cbe05597a95aebd75daf8d051,111,0.45567164215686273,0,0,"(256, 320, 3)",0.35547648587714054
474,63d981a107091e1e3059102ce08870744dde173afe324bc2274c17d42f661778,32,0.055392156862745096,1,1,"(360, 360, 3)",0.3744412564227537
475,d256b32adda37f2301c9e46f34b7f9a36cce273256369ceb5dc2c73c3007e3c4,33,0.17582720588235295,1,1,"(256, 320, 3)",0.22874934877332573
476,33618678c167c5e07be02c49d0c43bcd90493ba5d83110a631409a4d3ccc1e51,19,0.03917738970588235,1,1,"(360, 360, 3)",0.7185252135252135
477,610f32e2d9d270d740aec501dcf0c89595e4e623468ad43272adab90520a8f96,55,0.5704818451286764,0,0,"(256, 320, 3)",0.48811727110730596
478,673baf65ae5c571d6be452eb41e79ef3fc2eb3fd238e621c6b7621763b429989,18,0.5353496132046569,0,0,"(256, 320, 3)",0.6372962584537537
479,d910b2b1be8406caecfe31a503d412ffc4e3d488286242ebc7381836121dd4ef,24,0.14834558823529412,1,1,"(256, 256, 3)",0.653481084133258
480,21408476af0506331e8b5d49b385833e5ef1fbb90815fbf9af9d19b4bb145f76,8,0.105874693627451,1,1,"(256, 256, 3)",0.5360461760461761
481,eb96fc6cbf6880bf05c4309857ae33844a4bc2152e228eff31024e5265cf9fc3,8,0.19168198529411767,1,1,"(256, 256, 3)",0.6488636363636363
482,4d4f254f3b8b4408d661df3735591554b2f6587ce1952928d619b48010d55467,15,0.4658983823529411,0,0,"(256, 320, 3)",0.6222227856659905
483,5b12df18e4ae4df5af06052584cf0e6bef58ee2a220653890636eef88a944e14,15,0.0945389093137255,1,1,"(256, 256, 3)",0.73048004626952
484,76c4f14e35210f87a29e93c46dbb25c8f5dc5c04d1d3134672708bcdfbc7e959,33,0.06635263480392158,1,1,"(360, 360, 3)",0.6622811295458354
485,93c5638e7e6433b5c9cc87c152bcbe28873d2f9d6a392cca0642520807542a77,1,0.12980238970588237,1,1,"(256, 256, 3)",0.8
486,f73e37957c74f554be132986f38b6f1d75339f636dfe2b681a0cf3f88d2733af,37,0.09721200980392158,1,1,"(256, 256, 3)",0.40772885329100833
487,da8ca06ccbb4e2a8718f7c2939ef6cc3a4088981f660842ad885a8273e740d55,60,0.13491115196078432,1,1,"(256, 256, 3)",0.7129633239424461
488,4327d27591871e9c8d317071a390d1b3dcedad05a9746175b005c41ea0d797b2,31,0.05080422794117647,1,1,"(360, 360, 3)",0.5515648787817657
489,0d3640c1f1b80f24e94cc9a5f3e1d9e8db7bf6af7d4aba920265f46cadc25e37,21,0.4714413135723039,0,0,"(256, 320, 3)",0.5720421245421246
490,3582166ee20755856adf4882a8bfacb616fce4247911605a109c4862de421bcd,44,0.35150122549019613,1,1,"(256, 256, 3)",0.4176289138440842
491,b2c23ddb04531158da6a0abcaca78fec0ae5c6f64f60166e4f36f4a161efd76f,10,0.101953125,1,1,"(256, 256, 3)",0.8606643356643356
492,2255d5aba044256bb92f6b7cbed0fca46d972c7b6b1a59dcbe7f682c5777d074,15,0.48761292968750003,0,0,"(256, 320, 3)",0.2274853801169591
493,337b6eed0726f07531cd467cd62b6676c31a8c9e716bdbc49433986c022252cf,51,0.5798161228553922,0,0,"(256, 320, 3)",0.4158304802135461
494,e5aeb5b3577abbebe8982b5dd7d22c4257250ad3000661a42f38bf9248d291fd,2,0.38262101715686275,1,1,"(256, 256, 3)",0.4
495,07761fa39f60dc37022dbbe8d8694595fd5b77ceb2af2a2724768c8e524d6770,5,0.31603860294117647,1,1,"(256, 256, 3)",0.7916666666666666
496,94a5a37c3b1153d5c5aef2eca53c960b9f21f2ef1758209d7ec502ec324b03a3,8,0.10974264705882353,1,1,"(256, 256, 3)",0.8666666666666668
497,0c6507d493bf79b2ba248c5cca3d14df8b67328b89efa5f4a32f97a06a88c92c,28,0.1258042279411765,1,1,"(256, 256, 3)",0.7707926245210728
498,ec031f176dafe0b36547068ce42eab39428ec7995dac1b3ea52d1db79b61fdeb,9,0.20847120098039218,1,1,"(256, 256, 3)",0.9058823529411765
499,bf7691b0a79811fa068b7408cbce636a73f01ef9e971a95da1a2d96df73782b6,72,0.27753523284313725,1,1,"(256, 256, 3)",0.664798525662135
500,13f2bec0a24c70345372febb14c4352877b1b6c1b01896246048e83c345c0914,17,0.4215307000612745,0,0,"(256, 320, 3)",0.5675174825174826
501,bb8ebf465c968a5f6f715de5d9e2e664afd1bcaa533e0e3352ecea1cc5b6fb0d,106,0.059811580882352944,1,1,"(520, 696, 3)",0.7492068545411235
502,3bfa8b3b01fd24a28477f103063d17368a7398b27331e020f3a0ef59bf68c940,82,0.5217940793504903,0,0,"(256, 320, 3)",0.24984014550017192
503,1b518cd2ea84a389c267662840f3d902d0129fab27696215db2488de6d4316c5,76,0.08246783088235293,1,1,"(520, 696, 3)",0.698802281090103
504,d4d6c683f249d82518431603bf0206d05f2114ac871a99ffade0f5f61cf167e1,10,0.10543811274509804,1,1,"(256, 256, 3)",0.8916666666666666
505,0d2bf916cc8de90d02f4cd4c23ea79b227dbc45d845b4124ffea380c92d34c8c,19,0.04702052696078432,1,1,"(360, 360, 3)",0.712745879851143
506,0532c64c2fd0c4d3188cc751cdfd566b1cfba3d269358717295bab1504c7c275,24,0.05121017156862745,1,1,"(360, 360, 3)",0.6443501511276447
507,2349e95ece2857c89db7e4a8be8c88af0b45f3c4262608120cb3bd6ef51fd241,9,0.08239889705882354,1,1,"(256, 256, 3)",0.7100000000000001
508,3b957237bc1e09740b58a414282393d3a91dde996b061e7061f4198fb03dab2e,26,0.1502297794117647,1,1,"(256, 256, 3)",0.7008333333333333
509,da79a2b105f055ce75404a04bf53bbb51d518d9381af7b4ac714c137f101d920,55,0.2174862132352941,1,1,"(256, 256, 3)",0.41163694688800295
510,072ff14c1d3245bf49ad6f1d4c71cdb18f1cb78a8e06fd2f53767e28f727cb81,7,0.08635876225490198,1,1,"(256, 256, 3)",0.6030303030303029
511,03b9306f44e9b8951461623dcbd615550cdcf36ea93b203f2c8fa58ed1dffcbe,22,0.06295189950980393,1,1,"(360, 360, 3)",0.7931003980539584
512,3d0ca3498d97edebd28dbc7035eced40baa4af199af09cbb7251792accaa69fe,4,0.10559895833333333,1,1,"(256, 256, 3)",0.7150000000000001
513,c0152b1a260e71f9823d17f4fbb4bf7020d5dce62b4a12b3099c1c8e52a1c43a,25,0.44944481541053916,0,0,"(256, 320, 3)",0.30157342657342656
514,c0c4a829c8d33d16a02f5dc0411597329f4b4d726ed6a22b5530cf6c8e106c4e,15,0.2512637867647059,1,1,"(256, 256, 3)",0.29989746706532283
515,a4c729efb5059893a8b62c7abeba171cb516836f8a20468f6b176dfe2f6f84d1,10,0.10543811274509804,1,1,"(256, 256, 3)",0.7083760683760685
516,70827e40a7155391984e56703c6df3392fb4a94bbd6c7008da6a6ca3244965d9,28,0.06675857843137255,1,1,"(360, 360, 3)",0.6885441506131161
517,8cdbdda8b3a64c97409c0160bcfb06eb8e876cedc3691aa63ca16dbafae6f948,92,0.12437193627450979,1,1,"(520, 696, 3)",0.5437406484160598
518,cc88627344305b9a9b07f8bd042cb074c7a834c13de67ff4b24914ac68f07f6e,135,0.06723345588235294,1,1,"(520, 696, 3)",0.7251666997930255
519,00ae65c1c6631ae6f2be1a449902976e6eb8483bf6b0740d00530220832c6d3e,70,0.5617797265625,0,0,"(256, 320, 3)",0.43228634803046895
520,50a7ea80dd73232a17f98b5c83f62ec89989e892fe25b79b36f99b3872a7d182,22,0.05892310049019607,1,1,"(360, 360, 3)",0.38388215753503696
521,930f246a8e4ff273a72a6e4b3cf8e8caff94fca4eaf1dbe6f93ba37b8195c0a0,41,0.2737821691176471,1,1,"(256, 256, 3)",0.5082626818686754
522,4c032609d377bd980e01f888e0b298600bf8af0e33c4271a1f3aaf76964dce06,23,0.06253063725490196,1,1,"(360, 360, 3)",0.9238095238095239
523,f534b43bf37ff946a310a0f08315d76c3fb3394681cf523acef7c0682240072a,18,0.10589767156862748,1,1,"(256, 256, 3)",0.8729166666666666
524,ae9f76b5360df3f60f3cdd389652b96e823080bb830dd8c79e7f1e597d51bc1c,73,0.2180606617647059,1,1,"(256, 256, 3)",0.5928329197635798
525,2b50b1e3fa5c5aa39bc84ebfaea9961b7199c4d2488ae0b48d0b3459807d59d2,11,0.12118566176470587,1,1,"(256, 256, 3)",0.8540064102564102
526,05040e2e959c3f5632558fc9683fec88f0010026c555b499066346f67fdd0e13,24,0.14137561274509802,1,1,"(256, 256, 3)",0.8333772893772894
527,5b0bde771bc67c505d1b59405cbcad0a2766ec3ee4e35852e959552c1b454233,10,0.3311121323529412,1,1,"(256, 256, 3)",0.601948051948052
528,45f059cf21d85ecfce0eb93260516f1e2443d210e9a52f9ae2271d604aa3fcc5,15,0.41462935278799024,0,0,"(256, 320, 3)",0.434015984015984
529,df53d0b6c2c4e45d759b2c474011e2b2b32552cd100ca4b22388ab9ca1750ee2,80,0.2867723651960784,1,1,"(260, 347, 3)",0.5918267808148098
530,c0f172831b8017c769ff0e80f85b096ac939e79de3d524e0826fbb95221365da,59,0.5663353423713235,0,0,"(256, 320, 3)",0.4094548322490386
531,ea94ba4b01d1bd5f7768d10e0ac547743791033df545c71fcec442d0cb5cb5e7,42,0.5971108723958334,0,0,"(256, 320, 3)",0.5014629145118972
532,9a71a416f98971aa14f63ef91242654cc9191a1414ce8bbd38066fe94559aa4f,10,0.10171568627450979,1,1,"(256, 256, 3)",0.7158129370629371
533,6b72b61b80060a9e79a4747f9c5d5af135af9db466681c2d1086f784c7130699,191,0.05104932598039215,1,1,"(520, 696, 3)",0.7048437816112274
534,8fdc34509a0c3721f7b5e235c8a93e1f553343aa17ad103a1e89e3509a3e1570,36,0.11751685049019607,1,1,"(256, 256, 3)",0.6227467100416124
535,ead9464a50a17f74bf1b6471d94ecce8d887cf518c8fedc6c6048eb948bc4e49,6,0.13651194852941176,1,1,"(256, 256, 3)",0.9214285714285714
536,d3ce382f190ee24729bd2e80684c11bef72bc9c733cdbbc19a17d2c1b2e775f7,8,0.10927542892156863,1,1,"(256, 256, 3)",0.5652991452991454
537,1ee4a111f0e0bb9b001121b94ff98ca736fad03797b25285fe33a47046b3e4b0,10,0.1293811274509804,1,1,"(256, 256, 3)",0.8018681318681319
538,a6e81120d1cb9f71f8a25f90a5d56c4b714a642fc496a705e38921fd90a3f69c,30,0.05106464460784314,1,1,"(360, 360, 3)",0.5684539839961884
539,ad473063dab4bf4f2461d9a99a9c0166d4871f156516d9e0a523484e7cf2258d,84,0.46390166666666666,0,0,"(256, 320, 3)",0.2188277877008312
540,449a9c32e53a37c8a86e01c199155c8da3958b631088e10f6fe43c2119defe51,58,0.2151654411764706,1,1,"(520, 696, 3)",0.6936653771760156
541,708eb41a3fc8f2b6cd1f529cdf38dc4ad5d5f00ad30bdcba92884f37ff78d614,97,0.46920470358455885,0,0,"(256, 320, 3)",0.3493889390486089
542,077f026f4ab0f0bcc0856644d99cbf639e443ec4f067d7b708bc6cecac609424,6,0.08576899509803923,1,1,"(256, 256, 3)",0.8014285714285714
543,9d429167633b4d9d7f41544a461975cf8e688a3affa6a8916799202874809f2a,10,0.11458333333333333,1,1,"(256, 256, 3)",0.7840510366826157
544,54fe2d3416951cbc48f8718624c86a7ae58b6022a7fa75591b13f625cf53658b,25,0.14012714460784315,1,1,"(256, 256, 3)",0.8203598484848487
545,6ab24e7e1f6c9fdd371c5edae1bbb20abeeb976811f8ab2375880b4483860f4d,20,0.449304095435049,0,0,"(256, 320, 3)",0.4320137299771167
546,dbbfe08a52688d0ac8de9161cbb17cb201e3991aacab8ab8a77fe0e203a69481,38,0.12065716911764707,1,1,"(256, 256, 3)",0.4785836248010905
547,9bf9f3dcadeb152a9a26b23e2fb199dcf9b2b17660b1646326f5b10cbf51eaee,59,0.2730085784313726,1,1,"(256, 256, 3)",0.47688956535271065
548,fadeb0ab092833f27daaeb3e24223eb090f9536b83f68cde8f49df7c544f711b,39,0.21061580882352943,1,1,"(256, 256, 3)",0.5348626590458551
549,4a424e0cb845cf6fd4d9fe62875552c7b89a4e0276cf16ebf46babe4656a794e,53,0.11005667892156863,1,1,"(256, 256, 3)",0.4761294564940209
550,449f41710769584b5e4eca8ecb4c76d5272605f27da2949e6285de0860d2cbc0,34,0.24568780637254903,1,1,"(520, 696, 3)",0.8298269047294534
551,62570c4ff1c5ab6d9d383aba9f25e604768520b4266afd40fdf4734a694c8bc3,10,0.07886029411764707,1,1,"(256, 256, 3)",0.6669511409642989
552,b82548ab19466b461614e6055aaf49fbc24c03a2d20e65575b680c7c28268807,37,0.13668811274509804,1,1,"(256, 256, 3)",0.7487417359270905
553,57d88f45e479ce3821839b2706d667758c63ac769d76800d815c73d2507c1e42,44,0.09799325980392157,1,1,"(256, 256, 3)",0.36158597535056125
554,77ceeb87f560775ac150b8b9b09684ed3e806d0af6f26cce8f10c5fc280f5df2,30,0.0906173406862745,1,1,"(256, 256, 3)",0.3424924924924925
555,0280fa8f60f6bcae0f97d93c28f60be194f9309ff610dc5845e60455b0f87c21,16,0.1505591299019608,1,1,"(256, 256, 3)",0.57480210187304
556,d827a7d80fc67487a3237135e0d43ae01b7bbcb135e1a167601fc974a8348c51,29,0.11331188725490197,1,1,"(256, 256, 3)",0.6510968597965502
557,cab4875269f44a701c5e58190a1d2f6fcb577ea79d842522dcab20ccb39b7ad2,14,0.14900428921568626,1,1,"(256, 256, 3)",0.8394551282051281
558,9cdac2870cfe65b6cb61bd151020068a3b427118a27343767b07ea39483fee32,44,0.0821997549019608,1,1,"(256, 256, 3)",0.35921054536661046
559,f728de04267283f0b4daab9a840e7433b2c6034baf195fd526850439c9297687,54,0.08163296568627451,1,1,"(512, 640, 3)",0.5070800479109286
560,4ca5081854df7bbcaa4934fcf34318f82733a0f8c05b942c2265eea75419d62f,37,0.5247027558210784,0,0,"(256, 320, 3)",0.2887014446359345
561,442c4eb0185698fe7d148c108a46f74abd399aecda2f4f22981a1671cd95dd7d,16,0.4500019431678921,0,0,"(256, 320, 3)",0.46730582111387065
562,d0f2a00d3155c243048bc48944aef93fb08e2258d1fa5f9ccadd9140082bc22f,29,0.06289828431372552,1,1,"(360, 360, 3)",0.7479271866345037
563,ce37f6dd0615d45e66e41a8f2ed6fbc0bbe3103a290394ad474207507710eacc,8,0.08242953431372549,1,1,"(256, 256, 3)",0.6533333333333333
564,0bda515e370294ed94efd36bd53782288acacb040c171df2ed97fd691fc9d8fe,53,0.21052389705882354,1,1,"(256, 256, 3)",0.5282382080136977
565,8efed2e62c919e6d70a2ab548b1a33014877fe8a23f177ef25a9dee25ffe8842,260,0.1866268382352941,1,1,"(520, 696, 3)",0.5104192831336323
566,2d53d7ec0c579fffd6710c956288537d46c719a93c6a04ac0d6550f75a6a6493,7,0.15317095588235297,1,1,"(520, 696, 3)",0.975
567,62057502c387145ed4f8f7f0d5e5bedcb72d3bcec15fa71cb0310dee32871461,101,0.09822303921568627,1,1,"(520, 696, 3)",0.7185463697466281
568,a3a65623e079af7988b0c1cf1e54041003c6d730c91ecf200b71c47b93a67ed6,15,0.31131280637254904,1,1,"(256, 256, 3)",0.46716890264877875
569,fe80a2cf3c93dafad8c364fdd1646b0ba4db056cdb7bdb81474f957064812bba,11,0.19874387254901962,1,1,"(520, 696, 3)",0.803425985778927
570,7f4d7b549d0f1a110191e2aded872943d85892bc30667f19fe9de97a5370b08e,10,0.20693933823529415,1,1,"(256, 256, 3)",0.6831887410834778
571,ac782d2cad7f515ce7276926209820e386248e3d619b2df81e22d5e3c160b7cb,25,0.06292892156862745,1,1,"(360, 360, 3)",0.7993722943722943
572,a0afead3b4fe393f6a6159de040ecb2e66f8a89090abf0d0bf5b8e1d38ae667c,18,0.039430147058823535,1,1,"(360, 360, 3)",0.7310814744251277
573,e2d22d3d283915df8350d039278e314a23e6e8f2b41bdfc16df849e22dd13b36,42,0.1415747549019608,1,1,"(256, 256, 3)",0.7855356619791423
574,4d4ebfcae4374165ea6ae7c7e18fd0ba5014c3c860ee2489c59e25ddd45e7a32,49,0.10912990196078431,1,1,"(256, 256, 3)",0.4924003421789632
575,7798ca1ddb3133563e290c36228bc8f8f3c9f224e096f442ef0653856662d121,33,0.4560977113970589,0,0,"(256, 320, 3)",0.15890261702379205
576,a9d884ba0929dac87c2052ce5b15034163685317d7cff45c40b0f7bd9bd4d9e7,65,0.12650888480392158,1,1,"(256, 256, 3)",0.518408396944472
577,bf566e75d5cb0196de4139573f8bbbda0fa38d5048edf7267fe8793dcc094a66,44,0.31603860294117647,1,1,"(256, 256, 3)",0.5936041318942176
578,371a67232f7c871ec11332292c83cd9bb16063b91d58e86f0b76ef8817bc9465,14,0.09801623774509806,1,1,"(256, 256, 3)",0.573459595959596
579,7773ac91af61ed041701b7c3b649598e3707cf04c0577f464fd31be687f538fe,45,0.5779832621017158,0,0,"(256, 320, 3)",0.4418068414500304
580,c8ca945abc29d262a5525e4c2585541bba33fa77c86a47c94575d8e5b54c83fb,27,0.06269914215686274,1,1,"(360, 360, 3)",0.7615140415140415
581,8055957570d7b38f0acecdb56f3078a963a1a7307ca03fcca62212e0e95e5845,23,0.18721660539215687,1,1,"(520, 696, 3)",0.6732792207792208
582,1a75de9e11303142864efed27e69ea1960dbd82ca910de221a777ed2caf35a6b,20,0.0624234068627451,1,1,"(360, 360, 3)",0.8193859649122807
583,d35f25c8e3f7fca5232fc4d5e3faf14b025b20b3731af77fe971a5e2e9d69d28,35,0.14518229166666666,1,1,"(256, 256, 3)",0.8812055591467356
584,dae976f161fe42dc58dee87d4bf2eb9f65736597cab0114138641b2a39a5c42b,31,0.07835477941176472,1,1,"(256, 256, 3)",0.3950259435324823
585,29780b28e6a75fac7b96f164a1580666513199794f1b19a5df8587fe0cb59b67,28,0.15808057598039216,1,1,"(256, 256, 3)",0.6812684489000278
586,6c85029f850d392791e13f74963391054ff54e508967bbd091ee510e9e58e011,8,0.08576899509803923,1,1,"(256, 256, 3)",0.4368181818181818
587,4590d7d47f521df62f3bcb0bf74d1bca861d94ade614d8afc912d1009d607b94,81,0.5359586749387255,0,0,"(256, 320, 3)",0.4565997107655323
588,d6a880b1f6056f3086679de5c810e7af87cdf3bbbd0533a83e3681817fce40fc,77,0.09739583333333333,1,1,"(256, 256, 3)",0.49118772706495983
589,094afe36759e7daffe12188ab5987581d405b06720f1d5acf3f2614f404df380,65,0.24820772058823531,1,1,"(256, 256, 3)",0.4925542476215091
590,8f27ebc74164eddfe989a98a754dcf5a9c85ef599a1321de24bcf097df1814ca,13,0.47580593903186275,0,0,"(256, 320, 3)",0.31322727272727274
591,2e172afb1f43b359f1f0208da9386aefe97c0c1afe202abfe6ec09cdca820990,41,0.15705422794117646,1,1,"(256, 256, 3)",0.8334752735243424
592,20e209f6ffa120a72712e1b4c1d3e24d1339227e2936abd4bbd49a636fada423,31,0.08191636029411764,1,1,"(512, 640, 3)",0.5460219137282704
593,87ea72894f6534b28e740cc34cf5c9eb75d0d8902687fce5fcc08a92e9f41386,14,0.49170557751225485,0,0,"(256, 320, 3)",0.35683601295729445
594,a02ec007ae8feddb758078b1dfb8010c26886fd3c8babdc308ead8b4a63acbdb,71,0.087890625,1,1,"(520, 696, 3)",0.6218636858613761
595,4ee5850b63549794eb3ecd3d5f5673164ac16936e36ecc3700da886e3b616149,48,0.2065870098039216,1,1,"(520, 696, 3)",0.6949566047082757
596,0e4c2e2780de7ec4312f0efcd86b07c3738d21df30bb4643659962b4da5505a3,62,0.5549132215073529,0,0,"(256, 320, 3)",0.49732995953323256
597,bc115ff727e997a88f7cfe4ce817745731a6c753cb9fab6a36e7e66b415a1d3d,22,0.04691329656862746,1,1,"(360, 360, 3)",0.5911164274322169
598,7b38c9173ebe69b4c6ba7e703c0c27f39305d9b2910f46405993d2ea7a963b80,1,0.2879595588235294,1,1,"(260, 347, 3)",0.0
599,e81c758e1ca177b0942ecad62cf8d321ffc315376135bcbed3df932a6e5b40c0,47,0.10111060049019607,1,1,"(256, 256, 3)",0.2666818297153481
600,d751ccb64fa767a65a966061218438bd1860695d96bbef11fdb2f0d3b8dedba8,28,0.06243872549019608,1,1,"(360, 360, 3)",0.6126285767372723
601,cb4df20a83b2f38b394c67f1d9d4aef29f9794d5345da3576318374ec3a11490,250,0.06224724264705882,1,1,"(603, 1272, 3)",0.0
602,700afb1cd830a808e3c6125749612e5d23fd9f9726049a9e0c2061997514e1a7,133,0.107421875,1,1,"(520, 696, 3)",0.6927140899719733
603,243443ae303cc09cfbea85bfd22b0c4f026342f3dfc3aa1076f27867910d025b,62,0.20353094362745097,1,1,"(256, 256, 3)",0.37337991150415795
604,953211bcc0192e2298087d30e708dba68def9e0c13a3ff3326a18b0962c63adc,14,0.4823294891237745,0,0,"(256, 320, 3)",0.3524816944321588
605,52a6b8ae4c8e0a8a07a31b8e3f401d8811bf1942969c198e51dfcbd98520aa60,25,0.4226134918811274,0,0,"(256, 320, 3)",0.14639845661584788
606,72e8c49dea44787114fd191f9e97e260f961c6e7ae4715bc95cc91db8d91a4e3,25,0.17995557598039214,1,1,"(256, 256, 3)",0.33756501468725575
607,b0defa611b75645c0283464ee4163917bad382d335b61e8509f065bf371fa15f,23,0.06307444852941177,1,1,"(360, 360, 3)",0.7220573357801618
608,2a2032c4ed78f3fc64de7e5efd0bec26a81680b07404eaa54a1744b7ab3f8365,22,0.06678921568627451,1,1,"(360, 360, 3)",0.8338345864661655
609,9fb32aba1c2fd53273dca9abefac944ba747f578da82dfaa1249f332a2324944,89,0.5180370075061274,0,0,"(256, 320, 3)",0.43369190450731976
610,a5fe0b7412dd152c41f7afc34ffdf276d4261b6942fa6d36803648e90f2cfc06,30,0.42898682521446074,0,0,"(256, 320, 3)",0.6076473802572399
611,4dbbb275960ab9e4ec2c66c8d3000f7c70c8dce5112df591b95db84e25efa6e9,183,0.19133731617647057,1,1,"(520, 696, 3)",0.5670862392527891
612,55f98f43c152aa0dc8bea513f8ba558cc57494b81ae4ee816977816e79629c50,27,0.6758322212009804,0,0,"(256, 320, 3)",0.43527219583485566
613,a5e695fce80dc03efb6665a9ec14500ab47f4ee9f6437531388dd3cc32c90db1,49,0.07513786764705885,1,1,"(512, 640, 3)",0.5616509490344923
614,8a65e41c630d85c0004ce1772ff66fbc87aca34cb165f695255b39343fcfc832,12,0.24000459558823528,1,1,"(256, 256, 3)",0.4464452214452215
615,dd54adb80393de7769b9853c0aa2ee9b240905d0e99c59d4ccd99401f327aa05,141,0.055445772058823534,1,1,"(520, 696, 3)",0.7682893886072234
616,091944f1d2611c916b98c020bd066667e33f4639159b2a92407fe5a40788856d,44,0.7483226102941176,1,2,"(1024, 1024, 3)",0.2487801681965211
617,01d44a26f6680c42ba94c9bc6339228579a95d0e2695b149b7cc0c9592b21baf,7,0.5160344944852941,0,0,"(256, 320, 3)",0.3665811965811966
618,139946af9e2c7ef4f0298e622b831dbef5e5c0cd088eb5bc3382f8df9355443d,10,0.10912990196078431,1,1,"(256, 256, 3)",0.6761451048951049
619,a102535b0e88374bea4a1cfd9ee7cb3822ff54f4ab2a9845d428ec22f9ee2288,375,0.06996783088235294,1,1,"(603, 1272, 3)",0.009598745497254169
620,c89ac06daef5c819309f03d6a35792d1a8a66abb8cb3414013ffe71d3dd9fe96,38,0.2331341911764706,1,1,"(256, 256, 3)",0.7413299890119431
621,dad607a203483439fcbc2acecd0a39fb5e5a94a32a94348f5c802c79cfeb6e7c,50,0.1293811274509804,1,1,"(256, 256, 3)",0.6807278416692365
622,84eeec681987753029eb83ea5f3ff7e8b5697783cdb2035f2882d40c9a3f1029,1,0.1528262867647059,1,1,"(256, 256, 3)",1.0
623,4e23ecf65040f86420e0201134e538951acdeda84fbb274311f995682044dd64,27,0.5275201838235295,0,0,"(256, 320, 3)",0.5820265713122856
624,0402a81e75262469925ea893b6706183832e85324f7b1e08e634129f5d522cdd,125,0.28005514705882356,1,1,"(260, 347, 3)",0.434820327469532
625,1400420310c9094361a8a243545187f1d4c2365e081b3bb08c5fa29c7491a55b,25,0.07018229166666667,1,1,"(512, 640, 3)",0.5361451627127612
626,bbce7ebc40323a0eff6574d0c3842f50f907f55fbfb46c777f0ed9a49e98ff9b,27,0.05455729166666667,1,1,"(360, 360, 3)",0.5385563711650667
627,7f55678298adb736987d9fb5d1d2daefb08fe5bf4d81b2380bedf9449f79cc38,64,0.5163345075061274,0,0,"(256, 320, 3)",0.5053902711417476
628,5ba4facefc949c920d7054813a3e846b000969da2ed860148bdfd18456f59bcc,31,0.05120251225490197,1,1,"(360, 360, 3)",0.5416190476190476
629,ff3e512b5fb860e5855d0c05b6cf5a6bcc7792e4be1f0bdab5a00af0e18435c0,13,0.090234375,1,1,"(256, 256, 3)",0.6139237233354881
630,b67a6e5da8b1cfa5319d94a7d3f8b706725753346c37a4636bf7382e98b3c5df,11,0.20622702205882354,1,1,"(256, 256, 3)",0.6527777777777779
631,92e7e86e765e05ce331c07a6d14f0a696eac7ee40058699243900f40b696d7aa,12,0.13661917892156863,1,1,"(256, 256, 3)",0.651948051948052
632,b909aa8f6f4bec37c3fb6ff5a85d166162d07983506fcc57be742b0f9dbafbf7,9,0.4569333455882353,0,0,"(256, 320, 3)",0.5208080808080807
633,feffce59a1a3eb0a6a05992bb7423c39c7d52865846da36d89e2a72c379e5398,38,0.26252297794117646,1,1,"(256, 256, 3)",0.3378711001300287
634,aa47f0b303b1d525b52452ae3a8553b2d61d719a28aee547e2ef1fc6730a078f,31,0.09393382352941175,1,1,"(256, 256, 3)",0.3943115107167306
635,c96109cbebcf206f20035cbde414e43872074eee8d839ba214feed9cd36277a1,23,0.07801011029411764,1,1,"(360, 360, 3)",0.5169524859847441
636,1d02c4b5921e916b9ddfb2f741fd6cf8d0e571ad51eb20e021c826b5fb87350e,17,0.6562083302696079,0,0,"(256, 320, 3)",0.3431535573802366
637,30311520606ec99b6a810ae1a9a753df991777d374212423bb075c408a98ed74,46,0.3601026348039216,1,1,"(256, 256, 3)",0.4933341635238027
638,9e4f8ec60a0d622a02c0e16eedcc0101f88ddefbcec2383946c4572b57a1e43a,53,0.2338388480392157,1,1,"(256, 256, 3)",0.5009755542392611
639,b76ff33ae9da28f9cd8bdce465d45f1eca399db3ffa83847535708e0d511fe38,90,0.062285539215686275,1,1,"(520, 696, 3)",0.8238089973456931
640,f81ca7ee25e733ff37240c34c8e3044d9937bb0166e315952ebde3f237ecb86f,20,0.198452818627451,1,1,"(256, 256, 3)",0.6953767756842699
641,b0d6dfcc95e4d087d232378f860fc3ef9f95ea5a4c26d623a0be091f820a793f,22,0.12620251225490198,1,1,"(256, 256, 3)",0.7665384615384616
642,75120baa6abcbfe750a4eb223b8c10ae6bc3bebdda7b00d9a78bc2472fa28625,33,0.15245098039215688,1,1,"(256, 256, 3)",0.5956825943977673
643,8b77284d6f37ab3fc826139ebadaec3b9d81c552fe525c3547bbbd6c65ac0d83,7,0.11427696078431372,1,1,"(256, 256, 3)",0.9166666666666666
644,ed5be4b63e9506ad64660dd92a098ffcc0325195298c13c815a73773f1efc279,42,0.5892172617953431,0,0,"(256, 320, 3)",0.5296982760282305
645,d2815f2f616d92be35c7e8dcfe592deec88516aef9ffc9b21257f52b7d6d0354,14,0.18543198529411764,1,1,"(256, 256, 3)",0.6669618163054695
646,ae570a676961482848b5097038ef5e407df7a66a8e1c9b0567da599565a6b142,75,0.4630711404718137,0,0,"(256, 320, 3)",0.30551726620355046
647,9bb6e39d5f4415bc7554842ee5d1280403a602f2ba56122b87f453a62d37c06e,132,0.3419270833333333,1,1,"(260, 347, 3)",0.4541717137969682
648,d2ce593bddf9998ce3b76328c0151d0ba4b644c293aca7f6254e521c448b305f,12,0.11655177696078432,1,1,"(256, 256, 3)",0.8766666666666667
649,1f9e429c12f4477221b5b855a5f494fda2ef6d064ff75b061ffaf093e91758c5,77,0.1841452205882353,1,1,"(256, 256, 3)",0.5537082758078079
650,58406ed8ef944831c413c3424dc2b07e59aef13eb1ff16acbb3402b38b5de0bd,18,0.07412683823529412,1,1,"(360, 360, 3)",0.7344007996002
651,f6b16c885c0b2bc0d0eb2bb2eeb0a2753ebafb5a7a91da10e89b0b0478984637,8,0.08638939950980394,1,1,"(256, 256, 3)",0.613986013986014
652,81e2dd950e6df28a4fe202a40afa98b202981f65a5ca05b389749290eb87c883,11,0.10958180147058827,1,1,"(256, 256, 3)",0.8522222222222222
653,4e92129f4e8066d6f560d6022cd343a2245939aa49d8b06cddbd9bfc7e7eeb0e,46,0.6001413350183824,0,0,"(256, 320, 3)",0.5809487360544812
654,df9a4212ecb67bb4e58eba62f293b91f9d6f1dde73e38fa891c75661d419fc97,26,0.10149356617647061,1,1,"(256, 256, 3)",0.8723088852399197
655,cbca32daaae36a872a11da4eaff65d1068ff3f154eedc9d3fc0c214a4e5d32bd,112,0.4998204442401961,0,0,"(256, 320, 3)",0.2709020857756305
656,f0a75e0322f11cead4219aa530673fe5eef67580fb6fccc254963c9fc6b58aa1,12,0.09393382352941175,1,1,"(256, 256, 3)",0.8138095238095238
657,f7eaaf420b5204c4a42577428b7cd897a53ef07b759ccbba3ed30a3548ca5605,11,0.09341299019607845,1,1,"(256, 256, 3)",0.8016666666666665
658,fdda64c47361b0d1a146e5b7b48dc6b7de615ea80b31f01227a3b16469589528,30,0.11326593137254903,1,1,"(256, 256, 3)",0.39323843405083203
659,02903040e19ddf92f452907644ad3822918f54af41dd85e5a3fe3e1b6d6f9339,23,0.06252297794117645,1,1,"(360, 360, 3)",0.6878449669861704
660,dabfee30b46d23569c63fa7253ef10b2407fbe8023035a5030252313cb718097,10,0.10172334558823529,1,1,"(256, 256, 3)",0.7176470588235294
661,a4c44fc5f5bf213e2be6091ccaed49d8bf039d78f6fbd9c4d7b7428cfcb2eda4,37,0.5699878829656863,0,0,"(256, 320, 3)",0.6120289857532257
662,589f86dee5b480a88dd4f77eeaffe2c4d70aefdf879a4096dde1fa4d41055b8f,8,0.43981751302083333,0,0,"(256, 320, 3)",0.7519480519480519
663,34c9f4eb2af8b8f46b1d88b74bde16f4614cd08948c2f1d817eb629afc512e7a,13,0.10144761029411764,1,1,"(256, 256, 3)",0.8401785714285716
664,c322c72b9d411e631580fee9312885088b4bb14ed297aa4b246ec943533b3ffb,11,0.09752604166666667,1,1,"(256, 256, 3)",0.6222904546433957
665,8175a55b711c948fe383bd3b91b6ca1b9e048a5241e0be13aff31ce2674fbe6d,11,0.12107077205882354,1,1,"(256, 256, 3)",0.8106532356532357
666,d7fc0d0a7339211f2433829c6553b762e2b9ef82cfe218d58ecae6643fa8e9c7,18,0.16153492647058826,1,1,"(256, 256, 3)",0.7170154338415208
667,dbe5ad05b6f87018159a3228c1d1725892a1bfb9fa9f8fcc2e8bfe70d69d0355,17,0.050390624999999994,1,1,"(360, 360, 3)",0.80625
668,9f073db4acd7e634fd578af50d4e77218742f63a4d423a99808d6fd7cb0d3cdb,18,0.15776654411764707,1,1,"(256, 256, 3)",0.7558164785465415
669,6fb82031f7fc5f4fa6e0bc2ef3421db19036b5c2cdd2725009ab465d66d61d72,7,0.2737821691176471,1,1,"(256, 256, 3)",0.6892482517482518
